locations,lat,lng,weight
"Bangunan MPBP, Jalan Pejabat, Kampung Bahagia, 83000 Batu Pahat, Johor, Malaysia",1.8464774,102.9353017,0.270735021
"Majlis Perbandaran Johor Bahru Tengah, Jalan Bertingkat Skudai, Skudai, 81300 Johor Bahru, Johor, Malaysia",1.5371407,103.6623899,0.270735021
"Peti Surat 232, Jalan Dato Onn, Bandar Johor Bahru, 80720 Johor Bahru, Johor, Malaysia",1.4558838,103.7615357,0.270735021
"19745, Jalan Yahya Awal, Kampung Mahmoddiah, 80100 Johor Bahru, Johor, Malaysia",1.4672493,103.7513393,0.270735021
"Kluang, Johor, Malaysia",2.030068,103.3184639,0.270735021
"Kota Tinggi, Johor, Malaysia",1.7353328,103.9006687,0.270735021
"Taman Kulai Besar, 81000 Kulai, Johor, Malaysia",1.6585754,103.6064712,0.270735021
"Aras 5 Blok 'B' Pusat Islam Iskandar Johor, Jalan Masjid Abu Bakar, Masjid Sultan Abu Bakar, 80000 Johor Bahru, Johor, Malaysia",1.458066,103.750087,0.270735021
"Mersing District, Johor, Malaysia",2.4328868,103.8397388,0.270735021
"Karung Berkunci No 516, Pekan Muar, 84009 Muar, Johor, Malaysia",2.0471092,102.5654008,0.270735021
"Pasir Gudang, Johor, Malaysia",1.470288,103.9029689,0.270735021
"Bangunan Dato Mohamad Salleh Perang, 79576, Kota Iskandar, 79100 Nusajaya, Johor, Malaysia",1.4199691,103.6497462,0.270735021
"LEVEL 3.1, BANGUNAN PERBADANAN ISLAM JOHOR, Jalan Rebana, Taman Kebun Teh, 80250 Johor Bahru, Johor, Malaysia",1.4953783,103.7597092,0.270735021
"Pontian District, Johor, Malaysia",1.485561,103.3878589,0.270735021
"Simpang Renggam, Johor, Malaysia",1.827292,103.3099852,0.270735021
"Kampung Tanjung Laboh, 84900 Tangkak, Johor, Malaysia",2.2718383,102.5280022,0.270735021
"Kulim, Kedah, Malaysia",5.371742,100.5553372,0.270735021
"Langkawi, 07000 Langkawi, Kedah, Malaysia",6.35,99.8,0.270735021
"Tingkat 4 dan 5, Menara Guru, Persiaran Sultan Abdul Hamid, Taman Teratai Jingga, 05050 Alor Setar, Kedah, Malaysia",6.1006508,100.3603991,0.270735021
"Pendang, Kedah, Malaysia",5.993039,100.4773388,0.270735021
"Sik, Kedah, Malaysia",5.818345,100.743021,0.270735021
"Sik, Kedah, Malaysia",5.818345,100.743021,0.270735021
"Majlis Perbandaran Sungai Petani Bangunan SP Plaza Sungai Petani, Kedah, Taman Lagenda Indah, 08000 Sungai Petani, Kedah, Malaysia",5.6679856,100.4817404,0.270735021
"Pejabat Tanah dan Jajahan Bachok, 16300 Bachok, Kelantan, Malaysia",6.0561609,102.3919307,0.270735021
"18300 Gua Musang, Kelantan, Malaysia",4.884279,101.968178,0.270735021
"18300 Gua Musang, Kelantan, Malaysia",4.884279,101.968178,0.270735021
"Ketua Jajahan Pejabat Tanah dan Jajahan Jeli, 17600, Jeli, Kelantan, Bandar Jeli, 17600 Jeli, Kelantan, Malaysia",5.6951482,101.8450725,0.270735021
"Tingkat 5, Kompleks YAKIN, Jalan Gajah Mati, Bandar Kota Bharu, 15000 Kota Bharu, Kelantan, Malaysia",6.125075,102.2368492,0.270735021
"Jalan Padang Perdana, Bandar Kota Bharu, 15572 Kota Bharu, Kelantan, Malaysia",6.1225156,102.2401701,0.270735021
"Blok 6, Aras 1, Kompleks Kota Darulnaim, 15503, Kota Bharu, Kelantan, 15200 Kota Bharu, Kelantan, Malaysia",6.1248825,102.2536422,0.270735021
"15200 Kota Bharu, Kelantan, Malaysia",6.1228451,102.2520095,0.270735021
"Ketereh, Kelantan, Malaysia",5.957974,102.249882,0.270735021
"Kota Bharu, Kelantan, Malaysia",6.1256521,102.2387193,0.270735021
"15200 Kota Bharu, Kelantan, Malaysia",6.124785,102.2543825,0.270735021
"Pejabat Tanah dan Jajahan Kuala Krai, 18000, Kuala Krai, Kelantan, Kuala Krai, 18000 Kuala Krai, Kelantan, Malaysia",5.5395937,102.2015028,0.270735021
"JKR 60, Jalan Sultan Yahya Petra, Pekan Kuala Krai, 18000 Kuala Krai, Kelantan, Malaysia",5.53122,102.1977033,0.270735021
"Machang, Kelantan, Malaysia",5.767933,102.2153872,0.270735021
"Machang, Kelantan, Malaysia",5.767933,102.2153872,0.270735021
"Pasir Mas, Kelantan, Malaysia",6.0530749,102.1118253,0.270735021
"Pasir Mas, Kelantan, Malaysia",6.0530749,102.1118253,0.270735021
"Pasir Puteh, Kelantan, Malaysia",5.836163,102.4077409,0.270735021
"Pasir Puteh, Kelantan, Malaysia",5.836163,102.4077409,0.270735021
"Blok 8 Mabna MBI, Aras 4, D3, Bandar Kota Bharu, 15503 Kota Bharu, Kelantan, Malaysia",6.1111218,102.2375703,0.270735021
"Tanah Merah, Kelantan, Malaysia",5.808887,102.1470772,0.270735021
"Tanah Merah, Kelantan, Malaysia",5.808887,102.1470772,0.270735021
"Ketua Jajahan Pejabat Tanah dan Jajahan Tumpat, 16200, Tumpat, Kelantan, Pasar, Pekan Tumpat, 16200 Tumpat, Kelantan, Malaysia",6.1984715,102.1717629,0.270735021
"Tumpat, Kelantan, Malaysia",6.199069,102.169372,0.270735021
"No.2, Jln Setia Prima S U13/S, Setia Alam, 40170 Shah Alam, Selangor, Malaysia",3.1090184,101.4520989,0.270735021
"28, Tower 2, Jalan Rakyat, Brickfields, 50470 Kuala Lumpur, Wilayah Persekutuan Kuala Lumpur, Malaysia",3.1299436,101.6827087,0.270735021
"Level 6, Prima 9, Prima Avenue II, Persiaran Apec, Cyberjaya, 63000 Cyberjaya, Selangor, Malaysia",2.9138486,101.6560974,0.270735021
"Pejabat Daerah dan Tanah Alor Gajah, 78000, Alor Gajah, Melaka, 78000 Alor Gajah, Malacca, Malaysia",2.383437,102.2107079,0.270735021
"Alor Gajah, Malacca, Malaysia",2.382211,102.2115611,0.270735021
"Pejabat Daerah dan Tanah Jasin, 77000, Jasin, Melaka, 77000 Jasin, Malacca, Malaysia",2.3062028,102.4228116,0.270735021
"Kampung Durian Daun, 75100 Malacca, Malaysia",2.2056636,102.2564447,0.270735021
"8 Lengkok Bahru, Singapore 159052",1.2865637,103.811373,0.270735021
"Jalan Kota, Kompleks Warisan, 75000 Melaka, Malaysia",2.1927154,102.2483259,0.270735021
"Stadium Hang Jebat Kompleks Sukan Negeri, Perbadanan Stadium Melaka Aras 1, 75260, Paya Rumput Krubong, Melaka, 75260 Krubong, Malacca, Malaysia",2.288852,102.2331075,0.270735021
"Bahgian Pengurusan Sumber Perikanan, 32, Persiaran Perdana, Presint 4, 62628 Putrajaya, Wilayah Persekutuan Putrajaya, Malaysia",2.9143961,101.6837792,0.270735021
"Lot 4G1, Precint 4,Federal Goverment Administration Centre, 62630, Putrajaya, Presint 3, 62000 Putrajaya, Malaysia",2.9158678,101.6826424,0.270735021
"Wisma LKIM, Pulau Meranti, Jalan Desaria, Selangor, Kampung Batu Sembilan, 47120 Puchong, Selangor, Malaysia",2.9725009,101.6384586,0.270735021
"Peti Surat 127, Bandar Kota Bharu, 15710 Kota Bharu, Kelantan, Malaysia",6.1068164,102.2631971,0.270735021
"5, Jalan Padi Mahsuri, Bandar Baru Uda, 81200 Johor Bahru, Johor, Malaysia",1.4997378,103.7111979,0.270735021
"Level 7 Tower 1, Menara Cyber Axis, Jalan Impact, Cyberjaya, 63000 Cyberjaya, Selangor, Malaysia",2.9181183,101.6606033,0.270735021
"80, Jalan 1/112a, Taman Bukit Angkasa, 59200 Kuala Lumpur, Wilayah Persekutuan Kuala Lumpur, Malaysia",3.1099212,101.6732101,0.270735021
"Cyberjaya, 63000 Cyberjaya, Selangor, Malaysia",2.9224,101.659,0.270735021
"Menara Uoa Bangsar, Jalan Bangsar Utama 1, Bangsar, 59000 Kuala Lumpur, Wilayah Persekutuan Kuala Lumpur, Malaysia",3.1278348,101.6782556,0.270735021
"20th Floor, Menara Ta One, 22, Jalan P. Ramlee, Kuala Lumpur, 50250 Kuala Lumpur, Wilayah Persekutuan Kuala Lumpur, Malaysia",3.1566999,101.7100252,0.270735021
"Aras 4-7, Galeria PJH, Jalan P4 W, Persiaran Perdana, 62100 Putrajaya, Malaysia",2.9128632,101.6841854,0.270735021
"Baru Selayang, 68100 Batu Caves, Selangor, Malaysia",3.2607338,101.6537356,0.270735021
"Jalan Ilmu 1/1, 40450 Shah Alam, Selangor, Malaysia",3.069724,101.5036726,0.270735021
"Kem, Sungai Besi, 57000 Kuala Lumpur, Wilayah Persekutuan Kuala Lumpur, Malaysia",3.0504628,101.7248331,0.270735021
"D3-06-01, Centre Court Persiaran Multimedia Cyber 10 Tamarind Square, Cyberjaya, 63000 Cyberjaya, Selangor, Malaysia",2.9204786,101.6363363,0.270735021
"Jln Profesor Diraja Ungku Aziz, 50603 Kuala Lumpur, Wilayah Persekutuan Kuala Lumpur, Malaysia",3.1209046,101.6538414,0.270735021
"Exit Lebuhraya Changlun - Kuala Perlis, 02600 Arau, Perlis, Malaysia",6.4604292,100.351832,0.270735021
"Jln Datuk Mohammad Musa, 94300 Kota Samarahan, Sarawak, Malaysia",1.4666795,110.425148,0.270735021
"Universiti Pendidikan Sultan Idris, 35900 Tanjong Malim, Perak, Malaysia",3.685019,101.524086,0.270735021
"JALAN UNIVERSITI 1 Serdang, 43400 Seri Kembangan, Selangor, Malaysia",2.99932,101.707939,0.270735021
"11800 Gelugor, Penang, Malaysia",5.358315,100.3023473,0.270735021
"Jalan Hang Tuah Jaya, 76100 Durian Tunggal, Melaka, Malaysia",2.3137898,102.3211166,0.270735021
"Sintok, 06010 Bukit Kayu Hitam, Kedah, Malaysia",6.4484176,100.5096811,0.270735021
"Tingkat 8, Menara PjH, Menara PJH, 2, Jalan Tun Abdul Razak, Presint 2, 62000 Putrajaya, Wilayah Persekutuan Putrajaya, Malaysia",2.928808,101.6870928,0.270735021
"Jalan Sultan Yahya Petra, Kampung Datuk Keramat, 54000 Kuala Lumpur, Wilayah Persekutuan Kuala Lumpur, Malaysia",3.170873,101.7182694,0.270735021
"Jalan Frim, Institut Penyelidikan Perhutanan Malaysia, 52109 Kuala Lumpur, Selangor, Malaysia",3.2354034,101.6328155,0.270735021
"Peninsular Malaysia, Malaysia",3.9743406,102.4380581,0.270735021
"Wisma Sumber Asli, 25, Persiaran Perdana, Presint 4, 62574 Putrajaya, Wilayah Persekutuan Putrajaya, Malaysia",2.9145499,101.6850477,0.270735021
"Level 9, Galeria PjH, Persiaran Perdana, Presint 4, 62100 Putrajaya, Wilayah Persekutuan Putrajaya, Malaysia",2.9126761,101.6841762,0.270735021
"Level 2, Unit 4A, Menara PjH, Menara PJH, 2, Jalan Tun Abdul Razak, Presint 2, 62100 Putrajaya, Wilayah Persekutuan Putrajaya, Malaysia",2.9288653,101.6869614,0.270735021
"3730, Persiaran Apec, Cyberjaya, 63000 Cyberjaya, Selangor, Malaysia",2.9090721,101.6548113,0.270735021
"Kampus INSKEN, CoPlace 1, 2270, Jalan Usahawan 2, Cyber 6, 63000 Cyberjaya, Selangor, Malaysia",2.9266688,101.6624332,0.270735021
"Bangsar, 59200 Kuala Lumpur, Wilayah Persekutuan Kuala Lumpur, Malaysia",3.1125074,101.6684139,0.270735021
"Menara Sme Bank, Jln Sultan Ismail, Chow Kit, 50250 Kuala Lumpur, Wilayah Persekutuan Kuala Lumpur, Malaysia",3.1582896,101.7010919,0.270735021
"SME 1, Block B, Jalan Stesen Sentral 2, Kuala Lumpur Sentral, 50470 Kuala Lumpur, Federal Territory of Kuala Lumpur, Malaysia",3.1360317,101.6884755,0.270735021
"Aras1-4, Podium 2,3, Wisma Sumber Asli, 25, Persiaran Perdana, Presint 3, 62574 Putrajaya, Malaysia",2.9142089,101.6856842,0.270735021
"Lot 5377, Jalan Putra Permai, Rizab Melayu Sungai Kuyoh, 43300 Seri Kembangan, Selangor, Malaysia",3.0011599,101.6847743,0.270735021
"Kampung Baru, Kuala Lumpur, Federal Territory of Kuala Lumpur, Malaysia",3.1630505,101.706183,0.270735021
"87000 Labuan, Labuan Federal Territory, Malaysia",5.2831456,115.230825,0.270735021
"Putrajaya, Malaysia",2.926361,101.696445,0.270735021
"Persiaran Rimba Permai, Cyber 8, 63000 Cyberjaya, Selangor, Malaysia",2.9108964,101.6502439,0.270735021
"17th Floor, Main Office Tower Financial Park Complex, Jalan Merdeka, 87000, Wilayah Persekutuan Labuan, Sabah, Financial Park, 87000 Victoria, Labuan Federal Territory, Malaysia",5.2766122,115.2491706,0.270735021
"KOMPLEKS KEMENTERIAN KEWANGAN NO.9 PERSIARAN PERDANA, PRESINT 2, PUSAT PENTADBIRAN KERAJAAN PERSEKUTUAN, 62592 Putrajaya, Wilayah Persekutuan Putrajaya, Malaysia",2.9229813,101.6878917,0.270735021
"3, Persiaran Bukit Kiara, Bukit Kiara, 50490 Kuala Lumpur, Wilayah Persekutuan Kuala Lumpur, Malaysia",3.1454818,101.6447528,0.270735021
"Sabah, Malaysia",5.9788398,116.0753199,0.270735021
"Presint 2, 62100 Putrajaya, Malaysia",2.9237115,101.6877902,0.270735021
"516, Persiaran Tuanku Jaâ€™afar, Tasik Perdana, 50480 Kuala Lumpur, Wilayah Persekutuan Kuala Lumpur, Malaysia",3.1410079,101.6830514,0.270735021
"Unit Keusahawanan, Politeknik Banting Selangor Persaiaran Ilmu, Jalan Sultan Abdul Samad, Kampung Sungai Raba, 42700 Banting, Selangor, Malaysia",2.8254988,101.4660555,0.270735021
"Akademi Kepimpinan Pendidikan Tinggi (AKEPT, Lebuh, 71760 Bandar Baru Enstek, Negeri Sembilan, Malaysia",2.7332786,101.779505,0.270735021
"Jalan Gombak, 53100, Selangor, Malaysia",3.2504473,101.7347286,0.270735021
"13600 Seberang Perai, Penang, Malaysia",5.3700335,100.4139476,0.270735021
"POLITEKNIK SULTAN HAJI AHMAD SHAH, Semambu, 25350 Kuantan, Pahang, Malaysia",3.8626197,103.3165089,0.270735021
"Persiaran Tun Dr. Ismail Jalan Kluang Parit Raja, 86400 Batu Pahat, Johor, Malaysia",1.8565058,103.0821795,0.270735021
"Sabah, Malaysia",5.9788398,116.0753199,0.270735021
"Tkt. Bawah, Wisma Hock Teik, 1778, Jalan Ciku, 14000 Bukit Mertajam, Penang, Malaysia",5.366192,100.459892,0.270735021
"Level 8, Block D4, Parcel D, Pusat Pentadbiran Kerajaan Persekutuan, Putrajaya, 62502, Putrajaya, WP Putrajaya, Presint 1, 62502 Putrajaya, Malaysia",2.9379621,101.7052889,0.270735021
"Level 14, Wisma Perkeso, No.155, Jln Tun Razak, Kampung Baru, 50400 Kuala Lumpur, Federal Territory of Kuala Lumpur, Malaysia",3.1671707,101.7129885,0.270735021
"Century Square, G07-G12,Right Wing, Block 2320, Jalan Usahawan, Cyber 6, 63000 Cyberjaya, Selangor, Malaysia",2.9250484,101.6605273,0.270735021
"Peninsular Malaysia, Malaysia",3.9743406,102.4380581,0.270735021
"50538, Menara Perkeso, 281, Jln Ampang, Taman U Thant, 55000 Kuala Lumpur, Federal Territory of Kuala Lumpur, Malaysia",3.1601072,101.7348291,0.270735021
"Level 1, Jln Sultan Ismail, Chow Kit, 50250 Kuala Lumpur, Wilayah Persekutuan Kuala Lumpur, Malaysia",3.1588148,101.7005745,0.270735021
"Level 16, Menara SSM, No, 7, Jalan Stesen Sentral 5, Kuala Lumpur Sentral, 50470 Kuala Lumpur, Wilayah Persekutuan Kuala Lumpur, Malaysia",3.1333653,101.6839434,0.270735021
"Block 2280, Jalan Usahawan 2, Cyber 6, 63000 Cyberjaya, Selangor, Malaysia",2.9287368,101.6608149,0.270735021
"Menara Matrade, Jalan Sultan Haji Ahmad Shah, Kompleks Kerajaan, 50480 Kuala Lumpur, Wilayah Persekutuan Kuala Lumpur, Malaysia",3.1776225,101.6662616,0.270735021
"82, Jalan Raja Chulan, 50200, Kuala Lumpur, WP Kuala Lumpur, Kuala Lumpur, 50200 Kuala Lumpur, Federal Territory of Kuala Lumpur, Malaysia",3.1509805,101.7082083,0.270735021
"Jalan Sultan, Pjs 52, 46200 Petaling Jaya, Selangor, Malaysia",3.1021885,101.6438446,0.270735021
"No. 7, Jalan Sultan Haji Ahmad Shah, Kompleks Kerajaan, 50480 Kuala Lumpur, Wilayah Persekutuan Kuala Lumpur, Malaysia",3.1763148,101.668496,0.270735021
"Tingkat 5, 6 & 7, Wisma SEDCO, Lorong Plaza Wawasan, Api-api Centre, 88999 Kota Kinabalu, Malaysia",5.9739949,116.067741,0.270735021
"Unit 2-1, Level 2, Tower 2B, UOA Business Park, No 1, Jalan Pengaturcara U1/51a, Seksyen U1, 40150 Shah Alam, Selangor, Malaysia",3.0858369,101.5889347,0.270735021
"Level 7, Menara Axis, No. 2, Jalan 51a/223, Seksyen 51a, 46100 Petaling Jaya, Selangor, Malaysia",3.1031466,101.6389773,0.270735021
"1115, Jalan Utama, Biawak Industrial Estate, 93450 Kuching, Sarawak, Malaysia",1.5602291,110.3853862,0.270735021
"Unit C-8-5, Block C, Megan Avenue 2, No, 12, Jalan Yap Kwan Seng, Kampung Baru, 50450 Kuala Lumpur, Federal Territory of Kuala Lumpur, Malaysia",3.1624637,101.712311,0.270735021
"Menara Pgrm, 8, Jalan Pudu Ulu, Taman Pertama, 55300 Kuala Lumpur, Wilayah Persekutuan Kuala Lumpur, Malaysia",3.1223683,101.7292924,0.270735021
"Lot 2A, Persiaran Institusi, Kawasan Institusi Bangi, 43000 Kajang, Selangor, Malaysia",2.964632,101.7361004,0.270735021
"Aras 5 - 9, No. 47, Persiaran Perdana, Presint 4, 62100 Putrajaya, Malaysia",2.9045611,101.6814036,0.270735021
"Bangunan Kejora, Jalan Dato Haji Hassan Yunus, Bandar Penawar, 81900 Kota Tinggi, Malaysia",1.5557575,104.2301449,0.270735021
"Taman Teratai, 06500 Langgar, Kedah, Malaysia",6.1485114,100.4123916,0.270735021
"Jalan Dengkil, Batu 24, 43000 Dengkil, Selangor, Malaysia",2.8960895,101.7541567,0.270735021
"Agensi Nuklear Malaysia, 43000 Kajang, Bangi, Malaysia",2.91078,101.77051,0.270735021
"13, Jalan Tun Ismail, Kuala Lumpur, 50480 Kuala Lumpur, Wilayah Persekutuan Kuala Lumpur, Malaysia",3.1634395,101.6890809,0.270735021
"Jalan Inovasi 3, Taman Teknologi Malaysia, 57000 Kuala Lumpur, Wilayah Persekutuan Kuala Lumpur, Malaysia",3.0467937,101.696317,0.270735021
"Jln Tun Razak, Titiwangsa, 50694 Kuala Lumpur, Wilayah Persekutuan Kuala Lumpur, Malaysia",3.1743519,101.7038242,0.270735021
"Kompleks Kraf Jalan Conlay, 63, Jalan Conlay, Kuala Lumpur, 50450 Kuala Lumpur, Wilayah Persekutuan Kuala Lumpur, Malaysia",3.1487161,101.7183219,0.270735021
"232, Jln Tun Razak, Titiwangsa, 50572 Kuala Lumpur, Wilayah Persekutuan Kuala Lumpur, Malaysia",3.1705762,101.7113573,0.270735021
"Suite A-32-7 Menara UOA Bangsar No 5, Jalan Bangsar Utama 1, 59000, Kuala, Lumpur, WP Kuala Lumpur, Bangsar, 59000 Bangsar, Wilayah Persekutuan Kuala Lumpur, Malaysia",3.1278346,101.6774024,0.270735021
"Bintulu, Sarawak, Malaysia",3.171322,113.0419069,0.270735021
"Aras 1-4, Blok Podium, 27, Persiaran Perdana, Presint 3, 62618 Putrajaya, Malaysia",2.9137381,101.6844205,0.270735021
"Jalan Mawar Merah 2, Pusat Perdagangan Pasir Gudang 2, 81700 Pasir Gudang, Johor, Malaysia",1.472564,103.901146,0.270735021
"26080 Gebeng, Pahang, Malaysia",3.9767056,103.4241775,0.270735021
"Menara Tun Ismail Mohamed Ali, Aras G, M dan 20, No. 25, Jln Raja Laut, Chow Kit, 50350 Kuala Lumpur, Federal Territory of Kuala Lumpur, Malaysia",3.1589191,101.6948949,0.270735021
"Unit B, 06-08 12, Jalan Yap Kwan Seng, Kampung Baru, 50450 Kuala Lumpur, Wilayah Persekutuan Kuala Lumpur, Malaysia",3.1628878,101.7126118,0.270735021
"Pengkalan Weld, George Town, 10300 George Town, Pulau Pinang, Malaysia",5.419079,100.3446608,0.270735021
"202, Jalan Pelabuhan utara, Port Klang, 42005, Kawasan 14, 42000 Port Klang, Selangor, Malaysia",3.0087716,101.3930358,0.270735021
"Level 16, IOI City Tower 2, Lebuh IRC IOI Resort City, Ioi Resort, 62502 Sepang, Putrajaya, Malaysia",2.9693957,101.711814,0.270735021
"Persiaran Perdana, Presint 4, 62100 Putrajaya, Wilayah Persekutuan Putrajaya, Malaysia",2.9023525,101.6802605,0.270735021
"Lot PT 13856 KM6, Lebuhraya Kuala Lumpur - Seremban, Sungai Besi, 57100 Kuala Lumpur, Wilayah Persekutuan Kuala Lumpur, Malaysia",3.0782147,101.7012761,0.270735021
"Tingkat 17, Block F, Ibu Pejabat JKR, Jalan Sultan Salahuddin, 50582, Kuala Lumpur, Wilayah Persekutuan, Kuala Lumpur, 50480 Kuala Lumpur, Federal Territory of Kuala Lumpur, Malaysia",3.1541375,101.6899344,0.270735021
"Tingkat 11& 17, Block F, Ibu Pejabat JKR, Jalan Sultan Salahuddin, Kuala Lumpur, 50480 Kuala Lumpur, Federal Territory of Kuala Lumpur, Malaysia",3.1541405,101.6898839,0.270735021
"Tingkat 17, Ibu Pejabat JKR, Jalan Sultan Salahuddin, 50582 Kuala Lumpur, Kuala Lumpur, 50480 Kuala Lumpur, Federal Territory of Kuala Lumpur, Malaysia",3.1540985,101.6899638,0.270735021
"126, Jalan Jalil Perkasa 19, Bukit Jalil, 57000 Kuala Lumpur, Federal Territory of Kuala Lumpur, Malaysia",3.0536333,101.6934867,0.270735021
"Alor Gajah, Malacca, Malaysia",2.382211,102.2115611,0.270735021
"Jalan Perpatih, Taman Pilah Jaya, 72000 Kuala Pilah, Negeri Sembilan, Malaysia",2.7383999,102.2470907,0.270735021
"8, Jalan Ketari, 28700 Bentong, Pahang, Malaysia",3.519963,101.913516,0.270735021
"Kuantan, Pahang, Malaysia",3.8168287,103.3317173,0.270735021
"Pejabat Kewangan dan Perbendaharaaan Negeri Pahang Tingkat 6, Wisma Sri Pahang, 25503, Kuantan, Pahang, Taman Sekilau Perdana, 25200 Kuantan, Pahang, Malaysia",3.824973,103.3238999,0.270735021
"Lot 27 & Lot 29, Jalan Seri Kuantan 2, Sri Kuantan Square, 25050 Kuantan, Pahang, Malaysia",3.815822,103.334842,0.270735021
"Jalan Betek, Taman Bukit Kecil, 14000 Bukit Mertajam, Pulau Pinang, Malaysia",5.353846,100.452652,0.270735021
"Pengarah Tanah Dan Galian Tingkat 21 & 22 Komtar, 10000, Pulau Pinang, 10450 George Town, Penang, Malaysia",5.4160929,100.3293449,0.270735021
"Komtar, 10450 George Town, Pulau Pinang, Malaysia",5.4145731,100.3297411,0.270735021
"Bangunan Tun Dr Lim Chong Eu, No 1 Pesiaran Mahsuri, Bandar Bayan Baru, 11909 Bayan Lepas, Pulau Pinang, Malaysia",5.328737,100.282589,0.270735021
"2118, Jalan Perpustakaan, Seberang Jaya, 13700 Perai, Pulau Pinang, Malaysia",5.391897,100.3990361,0.270735021
"Pengarah Kebajikan Masyarakat Jabatan Kebajikan Masyarakat Tingkat 30, 10564, Komtar, Pulau Pinang, 10450 George Town, Penang, Malaysia",5.4148502,100.3300056,0.270735021
"Menara Bandaraya, Jln Perda Utama, Bandar Baru Perda, 14000 Bukit Mertajam, Pulau Pinang, Malaysia",5.3706542,100.4326128,0.270735021
"Jalan Haji Abdul Wahab, Kampung Bendera, 31000 Batu Gajah, Perak, Malaysia",4.4795786,101.0378802,0.270735021
"Persiaran Bandaraya, Pusat Perdagangan Greentown, 30450 Ipoh, Perak, Malaysia",4.5986484,101.0902996,0.270735021
"Pejabat Majlis Perbandaran Kuala Kangsar, Jalan Raja Chulan, 33000, Kuala Kangsar, Perak, Bandar Baru, 33000 Kuala Kangsar, Perak, Malaysia",4.7724395,100.9411887,0.270735021
"Lenggong, Perak, Malaysia",5.10844,100.968034,0.270735021
"Manjung, Perak, Malaysia",4.4022491,100.7097867,0.270735021
"Manjung, Perak, Malaysia",4.4022491,100.7097867,0.270735021
"33100 Pengkalan Hulu, Perak, Malaysia",5.70644,100.9998371,0.270735021
"Jalan Panglima Bukit Gantang Wahab, 30000 Ipoh, Perak, Malaysia",4.601244,101.076249,0.270735021
"Tanjong Malim, Perak, Malaysia",3.679539,101.52027,0.270735021
"192,, Exit Persiaran Jubli Emas, Pusat Bandar Kangar, 01000 Kangar, Perlis, Malaysia",6.4373461,100.1932361,0.270735021
"Pusat Bandar Kangar, 01564 Kangar, Perlis, Malaysia",6.414203,100.1886838,0.270735021
"Bangunan Sulaiman, Jalan Sultan Hishamuddin, Kampung Attap, 50000 Kuala Lumpur, Wilayah Persekutuan Kuala Lumpur, Malaysia",3.1381376,101.6924781,0.270735021
"8 Lengkok Bahru, Singapore 159052",1.2865637,103.811373,0.270735021
"Bangunan Perdana Putra, Persiaran Sultan Sallahuddin Abdul Aziz Shah, Presint 1, 62502 Putrajaya, Wilayah Persekutuan Putrajaya, Malaysia",2.9383019,101.6923304,0.270735021
"Bangunan Hal Ehwal Undang-undang, Level 1, Presint 3, 62692 Putrajaya, Wilayah Persekutuan Putrajaya, Malaysia",2.9176371,101.6822766,0.270735021
"Perbadanan Kemajuan Iktisad Negeri Kelantan, Tkt 8-11, Bangunan PKINK, Jalan Tg, Jalan Tengku Maharani, 15710 Kota Bharu, Kelantan, Malaysia",6.173665,102.146759,0.270735021
"Kompleks LADA, Peti Surat 60, Jalan Persiaran Putra, Kedah, Kuah, 07000 Langkawi, Kedah, Malaysia",6.311278,99.856151,0.270735021
"Bangunan Perdana Putra, Level G, Persiaran Sultan Salahuddin Abdul Aziz Shah, Presint 1, 62502 Putrajaya, Wilayah Persekutuan Putrajaya, Malaysia",2.9386544,101.6915744,0.270735021
"Aras 2 & 3, Bangunan Hal Ehwal Undang-Undang, Jalan Tun Abdul Razak, Presint 3, 62692, Putrajaya, Presint 3, 62100 Putrajaya, Malaysia",2.9175859,101.6820045,0.270735021
"GTower, Unit 20-11, Jln Tun Razak, Kuala Lumpur, 50400 Kuala Lumpur, Wilayah Persekutuan Kuala Lumpur, Malaysia",3.1587894,101.720102,0.270735021
"Level 9, Menara 1 Dutamas, No. 1, Jln Dutamas 1, Solaris Dutamas, 50480 Kuala Lumpur, Federal Territory of Kuala Lumpur, Malaysia",3.1707057,101.6674991,0.270735021
"Istana Kehakiman, Persiaran Perdana, Presint 3, 62506 Putrajaya, Wilayah Persekutuan Putrajaya, Malaysia",2.9171154,101.6858261,0.270735021
"Block D, Dataran PHB, Saujana Resort, Section U2, Saujana, 40150 Shah Alam, Selangor, Malaysia",3.1082521,101.5825666,0.270735021
"No. 28, Jln Meru Bestari B5, Medan Meru Bestari, 30020 Ipoh, Perak, Malaysia",4.6694726,101.0752779,0.270735021
"301 Jervois Rd, Singapore 249077",1.2941817,103.8248906,0.270735021
"Jabatan Perdana Menteri, Aras 3, Blok Barat, Bangunan Perdana Putra, Pusat Pentadbiran Kerajaan Persekutuan, 62520 Putrajaya, Wilayah Persekutuan Putrajaya, Malaysia",2.9387748,101.6917663,0.270735021
"Presint 2, 62000 Putrajaya, Malaysia",2.9213109,101.6858062,0.270735021
"11th, Menara TH Perdana, Jln Sultan Ismail, Chow Kit, 50250 Kuala Lumpur, Federal Territory of Kuala Lumpur, Malaysia",3.1598339,101.6962262,0.270735021
"225, 221, Jalan Macalister, George Town, 10450 George Town, Pulau Pinang, Malaysia",5.4213959,100.30418,0.270735021
"5, Surian Tower, No 1, Jalan PJU 7/3, Mutiara Damansara, 47810 Petaling Jaya, Selangor, Malaysia",3.1557781,101.6096343,0.270735021
"88400 Kota Kinabalu, Sabah, Malaysia",5.970213,116.083634,0.270735021
"Pengarah Jabatan Pertanian Negeri Tingkat 12 - 17, Menara Pelita Petra Jaya, 93050, Kuching, Sarawak, Petra Jaya, 93050 Kuching, Sarawak, Malaysia",1.5772459,110.3502627,0.270735021
"Pengarah Jabatan Pengairan dan Saliran Sarawak Tingkat 10, Wisma Saberkas Jalan Tun Abg Haji Openg, 93660, Kuching, Sarawak, 93150 Kuching, Sarawak, Malaysia",1.5372714,110.3399617,0.270735021
"6th Floor, Menara Pelita,, Jalan Tun Abd Rahman Ya'akub,, Petra Jaya, 93050 Kuching, Sarawak, Malaysia",1.5769747,110.3505475,0.270735021
"Bangunan Pelita, 7-10th Floor, Lot 2879, The Isthmus, Off Jalan Bako, 93050, 93450 Kuching, Sarawak, Malaysia",1.560209,110.3977445,0.270735021
"Setiausaha Kewangan Negeri, Tingkat 14, 17 & 18, Wisma Bapa Malaysia, Petra Jaya, Sarawak, Kampung Bandarshah, 93502 Kuching, Sarawak, Malaysia",1.5536,110.3350941,0.270735021
"Kamar Peguam Besar Negeri,Jabatan Undang-Undang Tingkat 15 & 16, Wisma Bapa Malaysia, Petrajaya, 93502, Kuching, Sarawak, Kampung Istana, 93050 Kuching, Sarawak, Malaysia",1.5679233,110.3518481,0.270735021
"Jalan Pustaka, Petra Jaya, 93050 Kuching, Sarawak, Malaysia",1.5834259,110.3499195,0.270735021
"Jalan Stadium, Petra Jaya, 93050 Kuching, Sarawak, Malaysia",1.586646,110.3537351,0.270735021
"Plaza Aurora, Level, 4, Jln McDougall, Taman Budaya, 93400 Kuching, Sarawak, Malaysia",1.5563287,110.3446312,0.270735021
"Hulu Selangor District, Selangor, Malaysia",3.5601046,101.6583123,0.270735021
"Sabak Bernam District, Selangor, Malaysia",3.6757615,100.9899803,0.270735021
"Tingkat 13, Bangunan Darul EhsanNo. 3 Jalan Indah,Seksyen 14, 40000Shah Alam, Selangor, Seksyen 14, 40000 Shah Alam, Selangor, Malaysia",3.0746236,101.5178583,0.270735021
"Persiaran Semarak Api, Cyber 1, 63000 Cyberjaya, Selangor, Malaysia",2.933666,101.6455939,0.270735021
"21100 Kuala Terengganu, Terengganu, Malaysia",5.3111636,103.1361093,0.270735021
"Lingkaran Syed Putra, Mid Valley City, 59200 Kuala Lumpur, Wilayah Persekutuan Kuala Lumpur, Malaysia",3.1174073,101.6780545,0.572467457
"Berjaya Times Square, Imbi, 55100 Kuala Lumpur, Federal Territory of Kuala Lumpur, Malaysia",3.1421984,101.7105512,0.572467457
"241, Suria KLCC, Kuala Lumpur City Centre, 50088 Kuala Lumpur, Wilayah Persekutuan Kuala Lumpur, Malaysia",3.1577167,101.7121716,0.572467457
"303, Jln Ampang, Desa Pahlawan, 55000 Kuala Lumpur, Wilayah Persekutuan Kuala Lumpur, Malaysia",3.1602108,101.736936,0.572467457
"1, Jalan Telawi 1, Bangsar, 59100 Kuala Lumpur, Wilayah Persekutuan Kuala Lumpur, Malaysia",3.129626,101.670946,0.572467457
"285, Jalan Maarof, Bangsar, 59000 Kuala Lumpur, Wilayah Persekutuan Kuala Lumpur, Malaysia",3.1428401,101.6675173,0.572467457
"201, Jalan Tun Sambanthan, Brickfields, 50470 Kuala Lumpur, Wilayah Persekutuan Kuala Lumpur, Malaysia",3.1330712,101.6870347,0.572467457
"168, Jln Bukit Bintang, Bukit Bintang, 55100 Kuala Lumpur, Wilayah Persekutuan Kuala Lumpur, Malaysia",3.1488558,101.7132547,0.572467457
"Berjaya Times Square, Imbi, 55100 Kuala Lumpur, Federal Territory of Kuala Lumpur, Malaysia",3.1421984,101.7105512,0.572467457
"Jln Bukit Bintang, Bukit Bintang, 55100 Kuala Lumpur, Wilayah Persekutuan Kuala Lumpur, Malaysia",3.1457406,101.7102981,0.572467457
"179, Jalan Gading, Bukit Bintang, 55100 Kuala Lumpur, Wilayah Persekutuan Kuala Lumpur, Malaysia",3.1470703,101.712995,0.572467457
"Jalan Imbi, Bukit Bintang, 55100 Kuala Lumpur, Wilayah Persekutuan Kuala Lumpur, Malaysia",3.1438109,101.7112198,0.572467457
"No. 2, Jalan Gelugor, Pudu, 55200 Kuala Lumpur, Wilayah Persekutuan Kuala Lumpur, Malaysia",3.1367385,101.7078243,0.572467457
"Entertainment Hab BBCC, 2, Jalan Hang Tuah, Bukit Bintang, 55100 Kuala Lumpur, Wilayah Persekutuan Kuala Lumpur, Malaysia",3.1397523,101.7090976,0.572467457
"2, Jalan Hang Tuah, Bukit Bintang, 55100 Kuala Lumpur, Wilayah Persekutuan Kuala Lumpur, Malaysia",3.140744,101.7081186,0.572467457
"7, Jalan Bintang, Bukit Bintang, 55100 Kuala Lumpur, Wilayah Persekutuan Kuala Lumpur, Malaysia",3.1440649,101.7099624,0.572467457
"168, Jln Bukit Bintang, Bukit Bintang, 55100 Kuala Lumpur, Wilayah Persekutuan Kuala Lumpur, Malaysia",3.1488558,101.7132547,0.572467457
"Jln Sultan Ismail, Bukit Bintang, 55100 Kuala Lumpur, Wilayah Persekutuan Kuala Lumpur, Malaysia",3.1451126,101.7114909,0.572467457
"Lingkaran TRX, Tun Razak Exchange, 55188 Kuala Lumpur, Wilayah Persekutuan Kuala Lumpur, Malaysia",3.142759,101.7175879,0.572467457
"181, Jln Bukit Bintang, Bukit Bintang, 55100 Kuala Lumpur, Wilayah Persekutuan Kuala Lumpur, Malaysia",3.1478968,101.7139255,0.572467457
"Jalan Hang Jebat, City Centre, 50150 Kuala Lumpur, Wilayah Persekutuan Kuala Lumpur, Malaysia",3.1413046,101.7018253,0.572467457
"No.1, Persiaran Jalil 1 Bandar Bukit Jalil, Bukit Jalil, 57000 Kuala Lumpur, Wilayah Persekutuan Kuala Lumpur, Malaysia",3.0541402,101.670016,0.572467457
"Pusat Bandar, 2, Persiaran Jalil Utama, Bukit Jalil, 57000 Kuala Lumpur, Wilayah Persekutuan Kuala Lumpur, Malaysia",3.0502474,101.670999,0.572467457
"7, Jalan Bintang, Bukit Bintang, 55100 Kuala Lumpur, Wilayah Persekutuan Kuala Lumpur, Malaysia",3.1440649,101.7099624,0.572467457
"1-01, 100, Jalan 4/91, Taman Shamelin Perkasa, 56100 Kuala Lumpur, Wilayah Persekutuan Kuala Lumpur, Malaysia",3.1220753,101.7400684,0.572467457
"Maluri, Kuala Lumpur, Federal Territory of Kuala Lumpur, Malaysia",3.13422,101.7277009,0.572467457
"Lingkaran SV, Maluri, 55100 Kuala Lumpur, Wilayah Persekutuan Kuala Lumpur, Malaysia",3.1278714,101.7248453,0.572467457
"Level 3, Jalan Manis 6, Taman Bukit Segar, 56100 Kuala Lumpur, Wilayah Persekutuan Kuala Lumpur, Malaysia",3.0905814,101.7421175,0.572467457
"Jalan 2/142a, Taman Len Seng, 56000 Kuala Lumpur, Wilayah Persekutuan Kuala Lumpur, Malaysia",3.0787772,101.7447049,0.572467457
"EkoCheras Mall No 693, Batu, 5, Jln Cheras, Taman Mutiara Barat, 56000 Kuala Lumpur, Wilayah Persekutuan Kuala Lumpur, Malaysia",3.0926782,101.7394614,0.572467457
"No.6, Jalan Cochrane, Seksyen 90, 55100 Kuala Lumpur, Wilayah Persekutuan Kuala Lumpur, Malaysia",3.1348631,101.7228429,0.572467457
"8, Jalan Conlay, Kuala Lumpur, 50450 Kuala Lumpur, Wilayah Persekutuan Kuala Lumpur, Malaysia",3.1502299,101.7153463,0.572467457
"156, Jln Ampang, Kuala Lumpur City Centre, 50450 Kuala Lumpur, Wilayah Persekutuan Kuala Lumpur, Malaysia",3.1594766,101.7135149,0.572467457
"Intermark Mall, The Intermark, 348, Jln Tun Razak, Kampung Datuk Keramat, 50400 Kuala Lumpur, Federal Territory of Kuala Lumpur, Malaysia",3.1616636,101.720355,0.572467457
"Persiaran KLCC, Kuala Lumpur City Centre, 50450 Kuala Lumpur, Wilayah Persekutuan Kuala Lumpur, Malaysia",3.1574804,101.7179388,0.572467457
"145, Jln Ampang, Kuala Lumpur, 50450 Kuala Lumpur, Wilayah Persekutuan Kuala Lumpur, Malaysia",3.1583721,101.7136865,0.572467457
"241, Suria KLCC, Kuala Lumpur City Centre, 50088 Kuala Lumpur, Wilayah Persekutuan Kuala Lumpur, Malaysia",3.1577167,101.7121716,0.572467457
"29, Jalan Kia Peng, Kuala Lumpur, 50450 Kuala Lumpur, Wilayah Persekutuan Kuala Lumpur, Malaysia",3.15035,101.7203101,0.572467457
"360, Jln Tun Razak, Taman U Thant, 50400 Kuala Lumpur, Wilayah Persekutuan Kuala Lumpur, Malaysia",3.1589303,101.7209621,0.572467457
"7, Jalan Damanlela, Pusat Bandar Damansara, 50490 Kuala Lumpur, Wilayah Persekutuan Kuala Lumpur, Malaysia",3.1454342,101.6622517,0.572467457
"699, Jalan Damansara, Taman Tun Dr Ismail, 60000 Kuala Lumpur, Wilayah Persekutuan Kuala Lumpur, Malaysia",3.132696,101.6298517,0.572467457
"lot 480023, Jalan Beringin, Bukit Damansara, 50490 Kuala Lumpur, Wilayah Persekutuan Kuala Lumpur, Malaysia",3.1484911,101.6606571,0.572467457
"Level 31, Menara AIA Capsquare, Jalan Munshi Abdullah, City Centre, 50100 Kuala Lumpur, Wilayah Persekutuan Kuala Lumpur, Malaysia",3.1541482,101.7001134,0.572467457
"Jalan Munshi Abdullah, City Centre, 50100 Kuala Lumpur, Wilayah Persekutuan Kuala Lumpur, Malaysia",3.1552049,101.6980047,0.572467457
"Lot RG-B, RG Floor, Pertama Complex, Jalan Tuanku Abdul Rahman, Chow Kit, 50100 Kuala Lumpur, Wilayah Persekutuan Kuala Lumpur, Malaysia",3.1572891,101.6955726,0.572467457
"1018, Jln Sultan Ismail, Bandar Wawasan, 54200 Kuala Lumpur, Wilayah Persekutuan Kuala Lumpur, Malaysia",3.1598664,101.7000562,0.572467457
"190, Jalan Tuanku Abdul Rahman, City Centre, 50100 Kuala Lumpur, Wilayah Persekutuan Kuala Lumpur, Malaysia",3.1560783,101.6952893,0.572467457
"WILAYAH PERSEKUTUAN, Chow Kit, 50350 Kuala Lumpur, Wilayah Persekutuan Kuala Lumpur, Malaysia",3.1666712,101.6925216,0.572467457
"Kuala Lumpur, Federal Territory of Kuala Lumpur, Malaysia",3.139003,101.686855,0.572467457
"568, Jln Ipoh, Batu Complex Bussiness Centre, 51200 Kuala Lumpur, Wilayah Persekutuan Kuala Lumpur, Malaysia",3.1892063,101.6807708,0.572467457
"5, Jln Ipoh, Taman Kok Lian, 51200 Kuala Lumpur, Wilayah Persekutuan Kuala Lumpur, Malaysia",3.2024719,101.6717983,0.572467457
"Jalan Mega Kecil, Taman United, 58200 Kuala Lumpur, Wilayah Persekutuan Kuala Lumpur, Malaysia",3.081898,101.671394,0.572467457
"Menara Pearl Point 2 No. 2A, Jalan Sepadu, Off, Jln Klang Lama, Taman United, 58200 Kuala Lumpur, Wilayah Persekutuan Kuala Lumpur, Malaysia",3.0845617,101.6733784,0.572467457
"289, Jln Klang Lama, 58200 Kuala Lumpur, Wilayah Persekutuan Kuala Lumpur, Malaysia",3.0949783,101.6740413,0.572467457
"Metro Prima, 52100 Kuala Lumpur, Wilayah Persekutuan Kuala Lumpur, Malaysia",3.213144,101.6425249,0.572467457
"Jln Kepong, Jinjang Selatan, 52000 Kuala Lumpur, Wilayah Persekutuan Kuala Lumpur, Malaysia",3.2044611,101.6675995,0.572467457
"Kepong, Kuala Lumpur, Federal Territory of Kuala Lumpur, Malaysia",3.2037943,101.6413776,0.572467457
"KL Metropolis, Jalan Dutamas 2, Dutamas, 50480 Kuala Lumpur, Wilayah Persekutuan Kuala Lumpur, Malaysia",3.181534,101.6681976,0.572467457
"MET 1 KL Metropolis, Jln Boulevard, Kompleks Kerajaan, 50480 Kuala Lumpur, Wilayah Persekutuan Kuala Lumpur, Malaysia",3.1763473,101.669503,0.572467457
"Lingkaran Syed Putra, Mid Valley City, 59200 Kuala Lumpur, Wilayah Persekutuan Kuala Lumpur, Malaysia",3.1174073,101.6780545,0.572467457
"KL Eco City Mall, No.3, Jalan Bangsar, 59200 Kuala Lumpur, Federal Territory of Kuala Lumpur, Malaysia",3.1193533,101.6741901,0.572467457
"2, Jalan Kerinchi, Kampung Kerinchi, 59200 Kuala Lumpur, Wilayah Persekutuan Kuala Lumpur, Malaysia",3.1141124,101.6632718,0.572467457
"7, Jalan Kerinchi, Bangsar South, 59200 Kuala Lumpur, Wilayah Persekutuan Kuala Lumpur, Malaysia",3.10968,101.6653807,0.572467457
"Jln Pudu, Pudu, 55100 Kuala Lumpur, Wilayah Persekutuan Kuala Lumpur, Malaysia",3.1375035,101.7134075,0.572467457
"PUDU SENTRAL, 12, Jln Pudu, City Centre, 55100 Kuala Lumpur, Wilayah Persekutuan Kuala Lumpur, Malaysia",3.1456853,101.7006055,0.572467457
"2, Jalan 1/125e, Taman Desa Petaling, 57100 Kuala Lumpur, Wilayah Persekutuan Kuala Lumpur, Malaysia",3.0827782,101.7024706,0.572467457
"Jln Dutamas 1, 50480 Kuala Lumpur, Wilayah Persekutuan Kuala Lumpur, Malaysia",3.1696701,101.6683503,0.572467457
"60, Jalan Sri Hartamas 1, Taman Sri Hartamas, 50480 Kuala Lumpur, Wilayah Persekutuan Kuala Lumpur, Malaysia",3.1636367,101.6569965,0.572467457
"2, Jalan Kiara, Mont Kiara, 50480 Kuala Lumpur, Wilayah Persekutuan Kuala Lumpur, Malaysia",3.1654103,101.6516822,0.572467457
"1, Jln Dutamas 1, Solaris Dutamas, 50480 Kuala Lumpur, Wilayah Persekutuan Kuala Lumpur, Malaysia",3.1711671,101.6662111,0.572467457
"Solaris Parq, Jln Dutamas 1, Solaris On The Park, 50480 Kuala Lumpur, Wilayah Persekutuan Kuala Lumpur, Malaysia",3.1707573,101.6687072,0.572467457
"1, Jalan Kiara, Mont Kiara, 50480 Kuala Lumpur, Wilayah Persekutuan Kuala Lumpur, Malaysia",3.1657017,101.6531554,0.572467457
"8, Jalan Kiara, Mont Kiara, 50480 Kuala Lumpur, Wilayah Persekutuan Kuala Lumpur, Malaysia",3.1664583,101.6523213,0.572467457
"Taman Ibu Kota LOT G21A, Taman Danau Kota, 53300 Kuala Lumpur, Wilayah Persekutuan, Malaysia",3.2045381,101.7205761,0.572467457
"No.6, Jalan Taman Setiawangsa (Jalan, 37/56, AU2 Taman setiawangsa, Taman Keramat, 54200 Kuala Lumpur, Wilayah Persekutuan Kuala Lumpur, Malaysia",3.1782252,101.7504516,0.572467457
"Jalan Enggang, Taman Keramat, 54200 Kuala Lumpur, Selangor, Malaysia",3.1675495,101.7351893,0.572467457
"Endah Parade, 1, Jalan 1/149e, Taman Sri Endah, 57000 Kuala Lumpur, Wilayah Persekutuan Kuala Lumpur, Malaysia",3.063303,101.6951981,0.572467457
"Plaza 63, No. 63, Jalan 3/108C Taman Sungai Besi, Sungai Besi, 57100 Kuala Lumpur, Federal Territory of Kuala Lumpur, Malaysia",3.0919555,101.700427,0.572467457
"Jalan Madrasah, Jalan 1/22a, Taman Melati, 53100 Kuala Lumpur, Federal Territory of Kuala Lumpur, Malaysia",3.2178436,101.7186877,0.572467457
"823, Jln Lingkaran Tengah 2, KL Timur, 53100 Kuala Lumpur, Selangor, Malaysia",3.2253685,101.7298059,0.572467457
"355, Jln Bandar Melawati, Pusat Bandar Melawati, 53100 Kuala Lumpur, Selangor, Malaysia",3.2113794,101.748677,0.572467457
"Wangsa Maju, 53300 Kuala Lumpur, Federal Territory of Kuala Lumpur, Malaysia",3.203764,101.7367351,0.572467457
"Jalan Wangsa Perdana 1, Wangsa Maju, 53300 Kuala Lumpur, Wilayah Persekutuan Kuala Lumpur, Malaysia",3.1982958,101.7420546,0.572467457
"Financial Park, 87000 Labuan, Wilayah Persekutuan Labuan, Malaysia",5.275694,115.2486421,0.572467457
"Bandar Labuan, 87000 Labuan, Labuan Federal Territory, Malaysia",5.2747902,115.2452586,0.572467457
"Jalan Alamanda, Presint 1, 62000 Putrajaya, Wilayah Persekutuan Putrajaya, Malaysia",2.9395291,101.7106171,0.572467457
"mms Gadget, 1, Jalan Tun Abdul Razak, Presint 3, 62100 Putrajaya, Malaysia",2.9198142,101.6839546,0.572467457
"Management Office, Unit T2-3A-3 & Unit T2-3A-3A level 3A IOI City Tower Two Lebuh IRC, Ioi Resort, 62502 Putrajaya, Selangor, Malaysia",2.9706561,101.7136778,0.572467457
"3, Jln Dato' Onn 3, Bandar Dato Onn, 81100 Johor Bahru, Johor, Malaysia",1.5639876,103.7344668,0.572467457
"Jalan Premium Outlets, Bandar Indahpura, 81000 Kulai, Johor, Malaysia",1.6028941,103.6214825,0.572467457
"Southkey, 81100 Johor Bahru, Johor, Malaysia",1.5009581,103.7773778,0.572467457
"Lot 3FK-12J, third floor, Paradigm Mall, Jalan Bertingkat Skudai, 81200 Johor Bahru, Johor, Malaysia",1.5168375,103.685325,0.572467457
"Pusat Komersial Sunway Marketplace, Persiaran Medini 5, Sunway, 79250 Nusajaya, Johor, Malaysia",1.3972123,103.6286544,0.572467457
"Toppen Shopping Centre, No. 33A, Jln Harmonium, Taman Desa Tebrau, 81100 Johor Bahru, Johor, Malaysia",1.5526948,103.7985511,0.572467457
"69, Jalan Ali, Pekan Muar, 84000 Muar, Johor, Malaysia",2.0442051,102.5664675,0.572467457
"Lot G51 & G52 Ground Floor Batu Pahat Mall, Jalan Kluang, Kampung Beroleh, 83000 Batu Pahat, Johor, Malaysia",1.8638514,102.9620855,0.572467457
"88, Jalan Bakau Condong, Kampung Pegawai, 83000 Batu Pahat, Johor, Malaysia",1.8576681,102.9346164,0.572467457
"Grand Mezzanine, 8, Jalan Indah 15/2, Taman Bukit Indah, 81200 Johor Bahru, Johor, Malaysia",1.4817523,103.6557625,0.572467457
"Taman Universiti, 81300 Skudai, Johor, Malaysia",1.534054,103.621729,0.572467457
"EKO GALLERIA, 3, Jalan Eko Botani 3/2, TAMAN EKO BOTANI, 79100 Nusajaya, Johor, Malaysia",1.4413451,103.6167703,0.572467457
"Mall of Medini, 79100 Nusajaya, Johor, Malaysia",1.4290229,103.6331061,0.572467457
"3, Jln Persisiran Perling, Taman Perling, 81200 Johor Bahru, Johor, Malaysia",1.4967001,103.6809575,0.572467457
"Skudai, Johor, Malaysia",1.5343616,103.6594267,0.572467457
"Pusat Komersial Sunway Marketplace, Persiaran Medini 5, Sunway, 79250 Nusajaya, Johor, Malaysia",1.3972123,103.6286544,0.572467457
"L3-086, Sutera Mall, 1, Jalan Sutera Tanjung 8/4, Taman Sutera Utama, 81300 Skudai, Johor, Malaysia",1.5176508,103.6715487,0.572467457
"Plaza Tasek, 2, Jalan Pendekar 16, Taman Ungku Tun Aminah, 81300 Skudai, Johor, Malaysia",1.5144949,103.6558659,0.572467457
"Bandar Dato Onn, Johor Bahru, Johor, Malaysia",1.5632732,103.7410752,0.572467457
"Jalan 14/17, Seksyen 14, 46100 Petaling Jaya, Selangor, Malaysia",3.1091099,101.637092,0.572467457
"G29 & 30, AEON Mall Tebrau City No. 1, Jalan Desa Tebrau, Taman Desa Tebrau, 81100 Johor Bahru, Johor, Malaysia",1.5494617,103.7958733,0.572467457
"L3-31A LEVEL 3, ANGSANA JOHOR BAHRU MALL,81200 JOHOR BAHRU, Bandar Baru Uda, 81200 Johor Bahru, Johor, Malaysia",1.4949273,103.7057484,0.572467457
"No.01-01, Shopping Mall Ground Floor, Bay Point Persiaran Danga Perdana Country Garden, Danga Bay, 80200 Johor Bahru, Johor, Malaysia",1.4631843,103.7284801,0.572467457
"Jalan Tun Abdul Razak L4 Danga City Mall, Wadi Hana, 80000 Johor Bahru, Johor, Malaysia",1.4753051,103.7547592,0.572467457
"Jalan Trus, UTC, 80000 Johor Bahru, Johor, Malaysia",1.4594943,103.7630603,0.572467457
"106, Jalan Wong Ah Fook, Bandar Johor Bahru, 80000 Johor Bahru, Johor, Malaysia",1.461799,103.7639603,0.572467457
"KOMTAR JBCC, City Centre, 80000 Johor Bahru, Johor, Malaysia",1.4639632,103.7627382,0.572467457
"33, Jalan Seladang, Taman Abad, 80250 Johor Bahru, Johor, Malaysia",1.4854384,103.7628811,0.572467457
"Lot 3FK-12J, third floor, Paradigm Mall, Jalan Bertingkat Skudai, 81200 Johor Bahru, Johor, Malaysia",1.5168375,103.685325,0.572467457
"135, Jalan Tampoi, Kampung Bahru Majidee, 81100 Johor Bahru, Johor, Malaysia",1.5147302,103.7433824,0.572467457
"Lot 3.29 & 3.29A, Level, 3, Jalan Kuning, Taman Pelangi, 80400 Johor Bahru, Johor, Malaysia",1.4799714,103.7652664,0.572467457
"Jalan Sutera, Taman Sentosa, 80150 Johor Bahru, Johor, Malaysia",1.4922183,103.7683756,0.572467457
"Jalan Persiaran Senibong, Bandar Baru Permas Jaya, 81750 Johor Bahru, Johor, Malaysia",1.4864549,103.8096492,0.572467457
"Batu 13 3/4, Jalan Kota Tinggi, 81800 Ulu Tiram, Johor, Malaysia",1.6086539,103.821166,0.572467457
"Toppen Shopping Centre, No. 33A, Jln Harmonium, Taman Desa Tebrau, 81100 Johor Bahru, Johor, Malaysia",1.5526948,103.7985511,0.572467457
"Jln Rambutan, Taman Suria, 86000 Kluang, Johor, Malaysia",2.0400737,103.3205798,0.572467457
"Kluang, Johor, Malaysia",2.030068,103.3184639,0.572467457
"G 53, Plaza, Pusat Perdagangan Kota Tinggi, 81900 Kota Tinggi, Johor, Malaysia",1.7305938,103.9025016,0.572467457
"Kulai District, Johor, Malaysia",1.6582668,103.6060338,0.572467457
"LG-01, Lower Ground Floor, Lebuh Putra Utama, Bandar Putra Kulai, 81000 Kulai, Johor, Malaysia",1.6481162,103.6265492,0.572467457
"Jalan Premium Outlets, Bandar Indahpura, 81000 Kulai, Johor, Malaysia",1.6028941,103.6214825,0.572467457
"Lot 1566, 20, Jln Besar, Taman Mewah, 81000 Kulai, Johor, Malaysia",1.661671,103.603182,0.572467457
"69, Jalan Ali, Pekan Muar, 84000 Muar, Johor, Malaysia",2.0442051,102.5664675,0.572467457
"16, Jalan Petrie, Taman Sri Tanjung, 84000 Muar, Johor, Malaysia",2.0461191,102.5633197,0.572467457
"Bandar Penawar, 81930 Kota Tinggi, Johor, Malaysia",1.5737522,104.2063891,0.572467457
"Pontian Plaza, Kampung Atap, 82000 Pontian District, Johor, Malaysia",1.4812175,103.3922154,0.572467457
"Segamat Central Shopping Centre, Jln Kolam Air, Kampung Gubah, 85000 Segamat District, Johor, Malaysia",2.5097601,102.8118128,0.572467457
"Lot F29, Ground Floor, Alor Setar Mall, Kaw Perusahaan, Tandop, 05400 Alor Setar, Kedah, Malaysia",6.0813007,100.3608513,0.572467457
"Aman Central, 1, Darul Aman Hwy, Kampung Lubok Peringgi, 05100 Alor Setar, Kedah, Malaysia",6.1248637,100.3667935,0.572467457
"Jalan Putra, Bandar Alor Setar, 05150 Alor Setar, Kedah, Malaysia",6.1222064,100.3637236,0.572467457
"29, Pekan Jitra 3, Pekan Jitra, 06000 Jitra, Kedah, Malaysia",6.261109,100.4185303,0.572467457
"Kulim Landmark Central, 09000 Kulim, Kedah, Malaysia",5.3856544,100.5467376,0.572467457
"Lot 2605, Cenang, Mukim, Jalan Pantai Chenang, Kampung Lubok Buaya, 07000 Langkawi, Kedah, Malaysia",6.2907234,99.7278025,0.572467457
"Persiaran Putra Kuah, Kuah, 07000 Langkawi, Kedah, Malaysia",6.3097561,99.8559572,0.572467457
"21, Lorong Tiram, 07000 Kuah, Kedah, Malaysia",6.3272016,99.8383876,0.572467457
"Amanjaya, 08000 Sungai Petani, Kedah, Malaysia",5.6425186,100.5451707,0.572467457
"Taman Sejati Indah, 08000 Sungai Petani, Kedah, Malaysia",5.612924,100.4849021,0.572467457
"Taman Sri Tanjung, 08000 Sungai Petani, Kedah, Malaysia",5.6451449,100.4887891,0.572467457
"15200 Kota Bharu, Kelantan, Malaysia",6.124785,102.2543825,0.572467457
"PT101 &102, 1, Jalan Hamzah, Seksyen 16, 15050 Kota Bharu, Kelantan, Malaysia",6.1174606,102.2401375,0.572467457
"LOT 2138, WISMA G ORANGE, TUNJUNG, BATU 4 1/2, 15050 Kota Bharu, Kelantan, Malaysia",6.065843,102.238763,0.572467457
"Jalan Pasir Puteh, Kota Sri Mutiara 97, 15000, Kota Bharu, Bandar Kota Bharu, 15150 Kota Bharu, Kelantan, Malaysia",6.1129974,102.2500503,0.572467457
"Lot 5644, Jalan Buluh Kubu, Bandar Kota Bharu, 15000 Kota Bharu, Kelantan, Malaysia",6.1292687,102.2393905,0.572467457
"Jalan Kemus / Sempang Ampat, 78000 Alor Gajah, Melaka, Malaysia",2.4435074,102.2045586,0.572467457
"G26 & F31, Lebuh Ayer Keroh, 75450 Melaka, Malaysia",2.231643,102.2824164,0.572467457
"Malacca, Malaysia",2.189594,102.2500868,0.572467457
"Jln Merdeka, Bandar Hilir, 75000 Melaka, Malaysia",2.189751,102.252619,0.572467457
"Jalan Melaka Raya 23, Hatten City, 75000 Melaka, Malaysia",2.1826318,102.2627254,0.572467457
"Jalan Hang Tuah, 75300 Melaka, Malaysia",2.2025536,102.2478661,0.572467457
"Hatten Square, Jln Merdeka, Taman Costa Mahkota, 75000 Malacca, Malaysia",2.1892815,102.2519395,0.572467457
"192, Melaka Raya, 75000 Malacca, Malaysia",2.1821085,102.2616243,0.572467457
"Malacca, Malaysia",2.189594,102.2500868,0.572467457
"Jalan Tun Ali, 75300 Melaka, Malaysia",2.2076596,102.2450682,0.572467457
"105, Jln Merdeka, Taman Melaka Raya, 75000 Melaka, Malaysia",2.1893499,102.2535295,0.572467457
"193, Pinggiran @ Sungai Melaka, Jalan Persisiran Bunga Raya, Kampung Bunga Paya Pantai, 75100 Melaka, Malaysia",2.2018593,102.2503009,0.572467457
"Nilai, Negeri Sembilan, Malaysia",2.802455,101.7988711,0.572467457
"Persiaran Ilmu, Bandar Baru Nilai, 71800 Nilai, Negeri Sembilan, Malaysia",2.824634,101.7784865,0.572467457
"Seremban 2, 70300 Seremban, Negeri Sembilan, Malaysia",2.6902865,101.9077089,0.572467457
"33, Jalan Dato Siamang Gagap, Betaria Business Centre, 70100 Seremban, Negeri Sembilan, Malaysia",2.7228949,101.955192,0.572467457
"Era Square, 70200 Seremban, Negeri Sembilan, Malaysia",2.725947,101.9316442,0.572467457
"Jalan Tuanku Munawir, Bandar Seremban, 70000 Seremban, Negeri Sembilan, Malaysia",2.7232489,101.9373923,0.572467457
"Lebuhraya Seremban - Bukit Nenas, 70200 Seremban, Negeri Sembilan, Malaysia",2.7167752,101.9194177,0.572467457
"Seremban, Negeri Sembilan, Malaysia",2.725889,101.9378239,0.572467457
"Jalan Lintang, Bandar Seremban, 70000 Seremban, Negeri Sembilan, Malaysia",2.7220551,101.9370344,0.572467457
"Awana Transport Hub Genting Highlands Resorts, 69000 Genting Highlands, Pahang, Malaysia",3.404295,101.7832708,0.572467457
"Genting Highlands, 69000 Genting Highlands, Pahang, Malaysia",3.4229492,101.7934354,0.572467457
"KM13, 69000 Genting Highlands, Pahang, Malaysia",3.4033765,101.7831159,0.572467457
"Resorts World Genting, Genting Highlands, 69000 Genting Highlands, Pahang, Malaysia",3.4250433,101.7963925,0.572467457
"Level 8 Menara Khuan Choo 75A, Jalan Raja Chulan, Bukit Bintang, 50200 Kuala Lumpur, Wilayah Persekutuan Kuala Lumpur, Malaysia",3.1502134,101.7121302,0.572467457
"G33, (Ground Floor), Berjaya Megamall, Jalan Tun Ismail, 25000, Kuantan, Pahang, 25000 Kuantan, Pahang, Malaysia",3.8152359,103.3300424,0.572467457
"Jalan Haji Abdul Rahman, 25000 Kuantan, Pahang, Malaysia",3.8050068,103.3231327,0.572467457
"Jalan Putra Square 6, 1, Level 5, Putra Square, 25300 Kuantan, Pahang, Malaysia",3.8175963,103.3275975,0.572467457
"A91, Jalan Tun Ismail, Sri Dagangan Bussiness Centre, 25000 Kuantan, Pahang, Malaysia",3.8124961,103.326357,0.572467457
"Temerloh, Pahang, Malaysia",3.448649,102.4163482,0.572467457
"Pusat Perniagaan Cengal 2, 87, Kampung Carak Paya Dalam, 28000 Temerloh, Pahang, Malaysia",3.4580056,102.4017715,0.572467457
"Lot F-74, Tingkat 2, Mentakab Star Mall, No.1, Jalan Star City 1, Star City, 28400 Mentakab, Pahang, Malaysia",3.471256,102.331764,0.572467457
"182, Jalan Magazine, 10300 George Town, Pulau Pinang, Malaysia",5.4130454,100.3311692,0.572467457
"3A, 06-01, Jalan Rumbia, Kampung Seberang Paya, 11900 Bayan Lepas, Pulau Pinang, Malaysia",5.3335423,100.2911131,0.572467457
"70-1-76 D'Piazza Mall, Bayan Baru, 11900 Bayan Lepas, Pulau Pinang, Malaysia",5.3265257,100.2833421,0.572467457
"10000 George Town, Penang, Malaysia",5.4135005,100.3281261,0.572467457
"Jalan Mahsuri, Bandar Bayan Baru, 11900 Bayan Lepas, Pulau Pinang, Malaysia",5.326666,100.2850209,0.572467457
"163-D, Gurney Paragon Mall,, Gurney Drive, 10250 George Town, Penang, Malaysia",5.4357127,100.3108976,0.572467457
"170, Persiaran Gurney, Pulau Tikus, 10250 George Town, Pulau Pinang, Malaysia",5.4380431,100.3100232,0.572467457
"UNIT NO.1B&1D, 1.01-4.01, KOMTAR, Jln Penang, 10000 George Town, Penang, Malaysia",5.4139293,100.3305011,0.572467457
"Komtar, 10450 George Town, Pulau Pinang, Malaysia",5.4145872,100.3297474,0.572467457
"Jalan Dato Keramat, 10150 George Town, Pulau Pinang, Malaysia",5.4125569,100.3247849,0.572467457
"Lengkok Mayang Pasir, Jalan Mayang Pasir1, Bandar Bayan Baru, 11950 Bayan Lepas, Penang, Malaysia",5.3252774,100.2849948,0.572467457
"George Town, Penang, Malaysia",5.4141307,100.3287506,0.572467457
"144, Jalan Dato Keramat, George Town, 10150 George Town, Pulau Pinang, Malaysia",5.412176,100.3256387,0.572467457
"Prangin Mall, No 33, Jalan Dr Lim Chwee Leong, George Town, 10100 George Town, Pulau Pinang, Malaysia",5.414683,100.331112,0.572467457
"Queensbay Mall, 100, Persiaran Bayan Indah, 11900 Bayan Lepas, Pulau Pinang, Malaysia",5.3331774,100.3066084,0.572467457
"Jln Paya Terubung, Paya Terubong, 11500 Ayer Itam, Pulau Pinang, Malaysia",5.3769365,100.2753213,0.572467457
"Jalan Seri Tanjung Pinang 10470 Tanjong Tokong, Penang Malaysia, Seri Tanjung Pinang, Tanjung Tokong, Pulau Pinang, Malaysia",5.4580314,100.3133518,0.572467457
"Lebuh Tunku Kudin 3, 11700 Gelugor, Pulau Pinang, Malaysia",5.3782376,100.3142186,0.572467457
"Lot No. 30908, Jalan Rozhan, Alma, 14000 Bukit Mertajam, Pulau Pinang, Malaysia",5.3210688,100.4775282,0.572467457
"Bukit Mertajam, Penang, Malaysia",5.365458,100.4590091,0.572467457
"2828, Jalan Baru, Bandar Perai Jaya, 13600 Perai, Pulau Pinang, Malaysia",5.3761839,100.4001367,0.572467457
"Sunway Carnival Mall 3068, Jalan Todak Pusat Bandar Seberang Jaya, Seberang Jaya, 13700 Perai, Pulau Pinang, Malaysia",5.3985132,100.3980465,0.572467457
"1, 1, Hala Falim 6, Taman Falim, 30200 Ipoh, Perak, Malaysia",4.5815648,101.0608002,0.572467457
"Station 18, 31650 Ipoh, Perak, Malaysia",4.543248,101.068835,0.572467457
"24, Jalan Raja Ashman Shah, Kampung Kastam Greentown, 30450 Ipoh, Perak, Malaysia",4.6029193,101.0945349,0.572467457
"105, Jalan Sultan Abdul Jalil, Pusat Perdagangan Greentown, 30450 Ipoh, Perak, Malaysia",4.597172,101.090072,0.572467457
"Jalan Laxamana, 30300 Ipoh, Perak, Malaysia",4.597325,101.0813361,0.572467457
"Perak IT Mall, jalan, Tawas Idaman 2, taman tawas idaman, 30010 Ipoh, Perak, Malaysia",4.6606065,101.1096303,0.572467457
"1, Persiaran Lagun Sunway, Sunway City, 31150 Ipoh, Perak, Malaysia",4.6249236,101.1542368,0.572467457
"lot 312205, Jalan Batu Karang, Taman Kolej Perdana, 31900 Kampar, Perak, Malaysia",4.3280664,101.1469817,0.572467457
"Seri Manjung, Perak, Malaysia",4.195868,100.664788,0.572467457
"Taiping, Perak, Malaysia",4.851932,100.7416339,0.572467457
"Jalan Tupai 3A Taiping Mall 33 Level 3A, 34000 Taiping, Perak, Malaysia",4.8497629,100.7425103,0.572467457
"36, Jalan Istana Larut, 34000 Taiping, Perak, Malaysia",4.8658188,100.7312078,0.572467457
"Jalan Masak, 89000 Keningau, Sabah, Malaysia",5.334461,116.1528357,0.572467457
"Harbour Square, Pusat Bandar Sandakan, 90000 Sandakan, Sabah, Malaysia",5.838768,118.1196785,0.572467457
"Lot G333-G335 & G352-G354 Ground Floor One Borneo Hypermall Jalan Sulaman, 88400 Kota Kinabalu, Sabah, Malaysia",6.034971,116.1291922,0.572467457
"1, Lorong Centre Point, Pusat Bandar Kota Kinabalu, 88000 Kota Kinabalu, Sabah, Malaysia",5.9779246,116.0720678,0.572467457
"KK Times Square, Phase 2, Off Coastal Highway, 88100 Kota Kinabalu, Sabah, Malaysia",5.9708621,116.0663544,0.572467457
"3, Jln Haji Saman, 88000 Kota Kinabalu, Sabah, Malaysia",5.9887991,116.078363,0.572467457
"Lorong Karamunsing, Karamunsing, 88100 Kota Kinabalu, Sabah, Malaysia",5.9706989,116.0749876,0.572467457
"5th Floor Megalong Shopping Mall., Pekan Donggongon, 89500 Penampang, Sabah, Malaysia",5.9127259,116.1027167,0.572467457
"Jalan Tun Fuad Stephen, 88000 Kota Kinabalu, Sabah, Malaysia",5.9770282,116.0689252,0.572467457
"1, Jalan Tun Fuad Stephens, Pusat Bandar Kota Kinabalu, 88000 Kota Kinabalu, Sabah, Malaysia",5.9869207,116.0772856,0.572467457
"Sutera Avenue, 88100 Kota Kinabalu, Malaysia",5.9651955,116.0569458,0.572467457
"Wisma Merdeka, Pusat Bandar Kota Kinabalu, 88000 Kota Kinabalu, Sabah, Malaysia",5.9856809,116.0760034,0.572467457
"Jln Lapan Belas, Pusat Bandar Kota Kinabalu, 88000 Kota Kinabalu, Sabah, Malaysia",5.982796,116.0736188,0.572467457
"ITCC, Jalan Pintas Penampang, 89500 Penampang, Sabah, Malaysia",5.9105558,116.0915985,0.572467457
"Inanam, 88844 Kota Kinabalu, Sabah, Malaysia",5.9930988,116.1349755,0.572467457
"2021, Jalan Tuaran, Inanam, 88450 Kota Kinabalu, Sabah, Malaysia",6.0056832,116.1449846,0.572467457
"Jln Riverson 1, 88000 Kota Kinabalu, Sabah, Malaysia",5.9686304,116.0641532,0.572467457
"Bintulu, Sarawak, Malaysia",3.171322,113.0419069,0.572467457
"Jln Abang Galau, Shahida Commercial Centre, 97000 Bintulu, Sarawak, Malaysia",3.1696009,113.0419616,0.572467457
"Commerce square Mall, Parkcity Commerce Square, 97000 Bintulu, Sarawak, Malaysia",3.1833544,113.039575,0.572467457
"Lot 4282, Jalan Tun Abdul Razak, 97000 Bintulu, Sarawak, Malaysia",3.1811596,113.034922,0.572467457
"97000 Bintulu, Sarawak, Malaysia",3.1976144,113.0881229,0.572467457
"714, Jalan Tun Razak, 97000 Bintulu, Sarawak, Malaysia",3.2007132,113.0479617,0.572467457
"Kota Samarahan (Link), 94300 Kota Samarahan, Sarawak, Malaysia",1.4555349,110.4458866,0.572467457
"1 HSL Tower Lorong La Promenade 2, Kuching - Samarahan Expressway, 94300 Kota Samarahan, Sarawak, Malaysia",1.4961817,110.4016201,0.572467457
"Kuching, Sarawak, Malaysia",1.553504,110.3592927,0.572467457
"Jalan Datuk Tawi Sli, Taman Seng Goon, 93250 Kuching, Sarawak, Malaysia",1.5096009,110.3359475,0.572467457
"T20, 3rd Floor,Mall 2 City, One Megamall, 1, Jalan Song, Taman Phoning, 93350 Kuching, Sarawak, Malaysia",1.5207249,110.3544307,0.572467457
"Jalan Semariang, Petra Jaya, 93050 Kuching, Sarawak, Malaysia",1.5821345,110.3314548,0.572467457
"Lot 4547,Block 233,KNLD, Jalan Penrissen, 6th Mile, 93250 Kuching, Sarawak, Malaysia",1.4847492,110.3332518,0.572467457
"93250 Kuching, Sarawak, Malaysia",1.5054878,110.2522746,0.572467457
"Lorong Lapangan Terbang 2, Green Heights, 93250 Kuching, Sarawak, Malaysia",1.502015,110.3464267,0.572467457
"2, Jalan Datuk Abang Abdul Rahim, 93450 Kuching, Sarawak, Malaysia",1.5529231,110.3675092,0.572467457
"Lot 2 ground floor 6th mile, Jalan Penrissen, Kuching Sentral, 93250 Kuching, Sarawak, Malaysia",1.481769,110.331728,0.572467457
"41, Jalan P. Ramlee, 93400 Kuching, Sarawak, Malaysia",1.5550688,110.33988,0.572467457
"73, second floor, Lorong Anggerik 7, Taman Matang Jaya, 93050 Kuching, Sarawak, Malaysia",1.5745264,110.2960721,0.572467457
"55, Lor Moyan Utama 1, 93250 Kuching, Sarawak, Malaysia",1.4991868,110.251008,0.572467457
"Lot 14665, Block 11, Jalan Stutong, 93350 Kuching, Sarawak, Malaysia",1.5064918,110.3745468,0.572467457
"Batu Kawah New Township, Jalan Batu Kawa, Bandar Baru Batu Kawa, 93250 Kuching, Sarawak, Malaysia",1.514467,110.304654,0.572467457
"88, Pearl Street, 93000 Kuching, Sarawak, Malaysia",1.5585742,110.344017,0.572467457
"Jalan Tunku Abdul Rahman, 93100 Kuching, Sarawak, Malaysia",1.557896,110.351547,0.572467457
"Jalan Tunku Abdul Rahman, 93100 Kuching, Sarawak, Malaysia",1.5578172,110.3534262,0.572467457
"64, Jalan Simpang Tiga, Kampung Kenyalang Park, 93300 Kuching, Sarawak, Malaysia",1.5360203,110.3557502,0.572467457
"93350, Jln Bayor Bukit, Muara Tebas, 93350 Kuching, Sarawak, Malaysia",1.5322445,110.3758948,0.572467457
"304, Persiaran, Kampung Kenyalang Park, 93300 Kuching, Sarawak, Malaysia",1.5355458,110.3582016,0.572467457
"18, Jalan Tunku Abdul Rahman, 93100 Kuching, Sarawak, Malaysia",1.5572825,110.3536731,0.572467457
"Ground Floor, Jalan Wan Alwi, Taman Supreme, 93350 Kuching, Sarawak, Malaysia",1.5277544,110.3697119,0.572467457
"Wisma Saberkas, 3, Jalan Tun Abang Haji Openg, Kuching, Sarawak, Malaysia",1.5371692,110.3401903,0.572467457
"Wisma Satok, Jalan Satok, 93400 Kuching, Sarawak, Malaysia",1.5535837,110.3351635,0.572467457
"Jln Bayor Bukit, Tabuan Jaya, 93350 Kuching, Sarawak, Malaysia",1.5274726,110.3753701,0.572467457
"Limbang, Sarawak, Malaysia",4.755032,115.0081459,0.572467457
"Lot 1264, Jalan Miri Pujut, Bintang Jaya, 98000 Miri, Sarawak, Malaysia",4.3970478,113.9932847,0.572467457
"2528, Jalan Boulevard 1b, Boulevard Commercial Centre, 98000 Miri, Sarawak, Malaysia",4.415,114.0130556,0.572467457
"Pelita Commercial Centre, 98000 Miri, Sarawak, Malaysia",4.4051808,114.0020905,0.572467457
"Jalan Pasar Lutong, Lutong, 98000 Miri, Sarawak, Malaysia",4.4707827,114.0106985,0.572467457
"Permaisuri Imperial City Mall, Jalan Merpati, 98000 Miri, Sarawak, Malaysia",4.4005194,113.9906578,0.572467457
"Sublot 261, 1st Floor Permy Mall, Bandar Baru Permyjaya, 98000 Miri, Sarawak, Malaysia",4.4500689,114.0383533,0.572467457
"Jalan Merbau, 98000 Miri, Sarawak, Malaysia",4.3974004,113.9873538,0.572467457
"Unit 2-19, 2nd Floor, Wisma Pelita Tunku, Jalan Padang, 98000 Miri, Sarawak, Malaysia",4.3906043,113.9875761,0.572467457
"Sri Aman, Sarawak, Malaysia",1.237031,111.462079,0.572467457
"Sarawak, Malaysia",1.5532783,110.3592127,0.572467457
"Jalan Tunku Abdul Rahman, Pekan Sibu, 96000 Sibu, Sarawak, Malaysia",2.3047556,111.8637079,0.572467457
"Jalan Ling Kai Cheng, Pekan Sibu, 96000 Sibu, Sarawak, Malaysia",2.3255933,111.8538207,0.572467457
"Wisma Sanyan, Pekan Sibu, 96000 Sibu, Sarawak, Malaysia",2.2905456,111.8253011,0.572467457
"Ampang Jaya, Selangor, Malaysia",3.149099,101.7624521,0.572467457
"G23A, GROUND FLOOR, AXIS ATRIUM SHOPPING MALL, Jalan Cempaka, Taman Cempaka, 68000 Ampang Jaya, Selangor, Malaysia",3.136544,101.7472814,0.572467457
"Jalan Dagang 5, Taman Dagang, 68000 Ampang, Selangor, Malaysia",3.1469408,101.7557673,0.572467457
"Pandan Indah, Kuala Lumpur, Selangor, Malaysia",3.133892,101.7516751,0.572467457
"Bangi Gateway, Seksyen 15, 43650 Bandar Baru Bangi, Selangor, Malaysia",2.9331218,101.765914,0.572467457
"Jalan Wawasan, Kawasan Institusi Bangi, 43009 Kajang, Selangor, Malaysia",2.9795931,101.7386002,0.572467457
"Kompleks EVO, jalan Medan 2D, Seksyen 9, 43650 Bandar Baru Bangi, Selangor, Malaysia",2.9627284,101.7554702,0.572467457
"Jalan Temenggung 21/9, Bandar Mahkota Cheras, 43200 Cheras, Selangor, Malaysia",3.0549073,101.7871801,0.572467457
"Persiaran Multimedia, Cyberjaya, 63000 Cyberjaya, Selangor, Malaysia",2.9220548,101.650968,0.572467457
"Persiaran Sepang, Cyber 11, 63000 Cyberjaya, Selangor, Malaysia",2.9222215,101.6344813,0.572467457
"Shaftsbury Square, 63000 Cyberjaya, Selangor, Malaysia",2.922597,101.6618951,0.572467457
"8, Jalan Jelok Indah 9, Taman Jelok Indah, 43000 Kajang, Selangor, Malaysia",2.9916367,101.793722,0.572467457
"4, Jln Tun Abdul Aziz, Seksyen 1, 43000 Kajang, Selangor, Malaysia",2.991358,101.7892036,0.572467457
"Klang, Selangor, Malaysia",3.044917,101.4455621,0.572467457
"Persiaran Bukit Raja 2, Bandar Baru Klang, 41150 Klang, Selangor, Malaysia",3.0600703,101.4722809,0.572467457
"No 1, Persiaran Batu Nilam 1/Ks6, Bandar Bukit Tinggi 2, 41200 Klang, Selangor, Malaysia",2.9942378,101.4443991,0.572467457
"Jalan Klang Sentral, Klang Sentral, Meru, 41050 Klang, Selangor, Malaysia",3.107785,101.4393626,0.572467457
"Jalan Kasuarina 1, Bandar Botanik, 41200 Klang, Selangor, Malaysia",2.9907943,101.449589,0.572467457
"No. 2112, KM2, Jalan Meru, Kawasan 17, 41050 Klang, Selangor, Malaysia",3.0637778,101.4536951,0.572467457
"Jalan Raja Hassan, Kawasan 18, 41300 Klang, Selangor, Malaysia",3.048351,101.4473993,0.572467457
"City Centre, 1, Lebuh Bandar Utama, Bandar Utama, 47800 Petaling Jaya, Selangor, Malaysia",3.1489718,101.6161233,0.572467457
"City Centre, 1, Lebuh Bandar Utama, Bandar Utama, 47800 Petaling Jaya, Selangor, Malaysia",3.1489718,101.6161233,0.572467457
"3, Jalan SS 20/27, Damansara Intan, 47400 Petaling Jaya, Selangor, Malaysia",3.1304749,101.6269411,0.572467457
"18, Jalan, Persiaran Barat, Seksyen 52 Petaling Jaya, 46050 Petaling Jaya, Selangor, Malaysia",3.105097,101.646955,0.572467457
"Jalan SS 22/23, Damansara Jaya, 47400 Petaling Jaya, Selangor, Malaysia",3.1270963,101.6165176,0.572467457
"8, Jalan PJU 8/1, Damansara Perdana, 47820 Petaling Jaya, Selangor, Malaysia",3.1663882,101.6155812,0.572467457
"D - 2, 7, Jalan PJU 1a/4, Ara Damansara, 47301 Petaling Jaya, Selangor, Malaysia",3.1100758,101.5865602,0.572467457
"2, Jalan PJU 7/2, Mutiara Damansara, 47800 Petaling Jaya, Selangor, Malaysia",3.1571794,101.6128229,0.572467457
"72A, Jln Profesor Diraja Ungku Aziz, Seksyen 13, 46200 Petaling Jaya, Selangor, Malaysia",3.1184035,101.6354371,0.572467457
"Jalan 14/17, Seksyen 14, 46100 Petaling Jaya, Selangor, Malaysia",3.1091099,101.637092,0.572467457
"1, Jalan SS 7/26a, Ss 7, 47301 Petaling Jaya, Selangor, Malaysia",3.1051171,101.5959701,0.572467457
"No. 2, Jalan PJU 5/14, Kota Damansara, 47810 Petaling Jaya, Selangor, Malaysia",3.1508855,101.5917163,0.572467457
"Lot G-01 ;; 1, 01, Jalan PJU 7/3, Mutiara Damansara, 47820 Petaling Jaya, Selangor, Malaysia",3.1579199,101.6120082,0.572467457
"Unit CC, 29 No, 2A, Persiaran Surian, Tropicana Indah, 47810 Petaling Jaya, Selangor, Malaysia",3.1489235,101.5950226,0.572467457
"Persiaran Anggun, 48000 Rawang, Selangor, Malaysia",3.3234398,101.541222,0.572467457
"Jln Lingkaran Tengah 2, Taman Selayang Jaya, 68100 Batu Caves, Selangor, Malaysia",3.2408435,101.6483265,0.572467457
"B-07-L1 Block B, Jln Ecohill 1/2, Setia EcoHill, 43500 Semenyih, Selangor, Malaysia",2.9245756,101.8543046,0.572467457
"Lbh KLIA Extension, 43900 Klia, Selangor, Malaysia",2.7440889,101.6856391,0.572467457
"Persiaran Komersial, KLIA, 64000 Sepang, Selangor, Malaysia",2.7794185,101.6768964,0.572467457
"Taman Equine, 43300 Seri Kembangan, Selangor, Malaysia",3.003022,101.679111,0.572467457
"Lot No. S2.72(D2), 2nd Floor, South City Plaza Persiaran Serdang Perdana Seksyen 1, Taman Serdang Perdana, 43300 Seri Kembangan, Selangor, Malaysia",3.028645,101.709432,0.572467457
"Management Office, Unit T2-3A-3 & Unit T2-3A-3A level 3A IOI City Tower Two Lebuh IRC, Ioi Resort, 62502 Putrajaya, Selangor, Malaysia",2.9706561,101.7136778,0.572467457
"Shah Alam, Selangor, Malaysia",3.073281,101.518461,0.572467457
"no 1-3 first floor UTC Selangor/Anggerik Mall, Seksyen 14, 40000 Shah Alam, Selangor, Malaysia",3.0712092,101.5199959,0.572467457
"No. 1, Persiaran Multimedia, Seksyen 7, Jalan Plumbum 7/102, I-City, 40000 Shah Alam, Selangor, Malaysia",3.0624082,101.4817408,0.572467457
"1, Jln Serai Wangi M 16/M, Alam Avenue, 40000 Shah Alam, Selangor, Malaysia",3.0569058,101.4897535,0.572467457
"Persiaran Tasik, Seksyen 14, 40000 Shah Alam, Selangor, Malaysia",3.0706628,101.5172543,0.572467457
"7, Jalan Pinang A 18/A, Seksyen 18, 40200 Shah Alam, Selangor, Malaysia",3.0436554,101.516821,0.572467457
"2, Jl. Tengku Ampuan Zabedah E 9/E, Seksyen 9, 40100 Shah Alam, Selangor, Malaysia",3.0843375,101.5233174,0.572467457
"Jalan Majlis, Seksyen 14, 40000 Shah Alam, Selangor, Malaysia",3.0740457,101.5171885,0.572467457
"14/9, Jalan Perbadanan, Seksyen 14, 40000 Shah Alam, Selangor, Malaysia",3.0717582,101.5183003,0.572467457
"Persiaran Setia Dagang, Setia Alam, 40170 Shah Alam, Selangor, Malaysia",3.1094722,101.4602182,0.572467457
"No.3, Jln Zuhal U5/177, Bandar Pinggiran Subang, 40150 Shah Alam, Selangor, Malaysia",3.1546675,101.5537169,0.572467457
"B1, 13-01, Persiaran Pasak Bumi, Bukit Jelutong, 40150 Shah Alam, Selangor, Malaysia",3.1114404,101.5522942,0.572467457
"1, Persiaran Kewajipan, Usj 1, 47600 Subang Jaya, Selangor, Malaysia",3.0580052,101.5925509,0.572467457
"Main Entrance, Jalan SS 16/1, Ss 16, 47500 Subang Jaya, Selangor, Malaysia",3.0817783,101.5828038,0.572467457
"23, Lebuhraya Damansara - Puchong, Bandar Puchong Jaya, 47100 Puchong, Selangor, Malaysia",3.0449441,101.6180882,0.572467457
"43-1, Jalan Bandar 1, Pusat Bandar Puchong, 47100 Puchong, Selangor, Malaysia",3.0349072,101.6174684,0.572467457
"Jalan USJ 25/1, One City, 47650 Subang Jaya, Selangor, Malaysia",3.0212221,101.5803981,0.572467457
"Jla SS 15/4G, Ss 15, 47500 Subang Jaya, Selangor, Malaysia",3.0774824,101.5866001,0.572467457
"Jalan Kemajuan Subang, Ss 16, 47500 Subang Jaya, Selangor, Malaysia",3.0814893,101.5851028,0.572467457
"3, Jalan PJS 11/15, Bandar Sunway, 47500 Petaling Jaya, Selangor, Malaysia",3.0720837,101.6063455,0.572467457
"Summit USJ, Persiaran Kewajipan, Usj 1, 47600 Subang Jaya, Selangor, Malaysia",3.0602399,101.593544,0.572467457
"The 19 USJ City Mall, Persiaran Kewajipan, Usj 19, 47620 Subang Jaya, Selangor, Malaysia",3.0325404,101.5888407,0.572467457
"Quayside, 42500 Telok Panglima Garang, Selangor, Malaysia",2.9566395,101.5525031,0.572467457
"Persiaran Eco Sanctuary, 8/3, Eco Santuari, 42500, Selangor, Malaysia",2.9442869,101.5427859,0.572467457
"Jalan Da Omar, Kampung Gong Pauh, 24000 Kemaman, Terengganu, Malaysia",4.232841,103.421785,0.572467457
"Lot PT4191 Muara Selatan, 20000 Kuala Terengganu, Terengganu, Malaysia",5.3332612,103.1495059,0.572467457
"Jalan Sultan Zainal Abidin, Kampung Surau Pasir, 20000 Kuala Terengganu, Terengganu, Malaysia",5.3371109,103.1447959,0.572467457
"120, Jln Bukit Bintang, Bukit Bintang, 55100 Kuala Lumpur, Wilayah Persekutuan Kuala Lumpur, Malaysia",3.14687,101.71088,1
"48, Jalan Telawi, Bangsar, 59100 Kuala Lumpur, Wilayah Persekutuan Kuala Lumpur, Malaysia",3.13089,101.67064,1
"56, Jalan SS 2/61, SS 2, 47300 Petaling Jaya, Selangor, Malaysia",3.11837,101.62044,1
"1, 2, Jalan 54, Pekan Kepong, 52100 Kuala Lumpur, Selangor, Malaysia",3.21351,101.63261,1
"Subang Parade, 5, Jalan SS 16/1, Ss 16, 47500 Subang Jaya, Selangor, Malaysia",3.08277,101.58588,1
"85, Jalan Pahang, Pekeliling, 53000 Kuala Lumpur, Wilayah Persekutuan Kuala Lumpur, Malaysia",3.18127,101.70133,1
"2506, 6, Jln Masjid Negeri, Taman Guan Joo Seng, 11600 Jelutong, Pulau Pinang, Malaysia",5.38489,100.3054,1
"Lot 3.29 & 3.29A, Level, 3, Jalan Kuning, Taman Pelangi, 80400 Johor Bahru, Johor, Malaysia",1.47997,103.76527,1
"13, Jalan 3/27a, Wangsa Maju, 53300 Kuala Lumpur, Wilayah Persekutuan Kuala Lumpur, Malaysia",3.20212,101.73417,1
"27, 28, Jln Tun Abdul Aziz, Bandar Kajang, 43000 Kajang, Selangor, Malaysia",2.99162,101.79124,1
"2nd Floor, Lot 268, 269, Jalan Tunku Abdul Rahman, 93100 Kuching, Sarawak, Malaysia",1.55741,110.35299,1
"190, Jalan Tuanku Abdul Rahman, City Centre, 50100 Kuala Lumpur, Wilayah Persekutuan Kuala Lumpur, Malaysia",3.1563,101.69561,1
"6, Jln Cheras, Cheras, 56000 Kuala Lumpur, Wilayah Persekutuan Kuala Lumpur, Malaysia",3.10713,101.73078,1
"4, Jalan USJ 10/1, Taipan Business Centre, 46720 Subang Jaya, Selangor, Malaysia",3.04835,101.58612,1
"Bayan Baru, 11900 Bayan Lepas, Pulau Pinang, Malaysia",5.32771,100.28736,1
"GSW 0.2, Jalan SU 9, Taman Selayang Utama, 68100 Batu Caves, Selangor, Malaysia",3.23694,101.64359,1
"Jalan Sia Her Yam, 85000 Segamat, Johor, Malaysia",2.50455,102.8231,1
"69, Jalan Ali, Pekan Muar, 84000 Muar, Johor, Malaysia",2.04421,102.56647,1
"Jalan Lintang, Bandar Seremban, 70000 Seremban, Negeri Sembilan, Malaysia",2.72206,101.93703,1
"53, Jalan Memanda 9, Taman Dato Ahmad Razali, 68000 Ampang, Selangor, Malaysia",3.15776,101.75114,1
"9, Jalan Puchong, Bandar Puchong Jaya, 47170 Kuala Lumpur, Wilayah Persekutuan Kuala Lumpur, Malaysia",3.05865,101.64124,1
"2, 2-1, Jalan 1/76d, Desa Pandan, 55100 Kuala Lumpur, Wilayah Persekutuan Kuala Lumpur, Malaysia",3.14755,101.73656,1
"Jalan Tunku Ibrahim, Bandar Alor Setar, 05000 Alor Setar, Kedah, Malaysia",6.11778,100.36988,1
"G19, Ground Floor, Central Square, 23, Jalan Kampung Baru, Taman Desa Meranti Indah, 08000 Sungai Petani, Kedah, Malaysia",5.60096,100.47186,1
"2, Jalan Dulang, Mines Wellness City, 43300 Seri Kembangan, Selangor, Malaysia",3.02769,101.71891,1
"Kluang, Johor, Malaysia",2.03007,103.31846,1
"Jalan Sungai Dua, 11700 Gelugor, Pulau Pinang, Malaysia",5.35274,100.29866,1
"2, Jln Permas 10/8, Bandar Baru Permas Jaya, 81750 Masai, Johor, Malaysia",1.49559,103.8143,1
"BLOK 3A, 04-79, Jalan Rumbia, Kampung Seberang Paya, 11900 Bayan Lepas, Pulau Pinang, Malaysia",5.33358,100.29128,1
"3, Jalan PJS 11/15, Bandar Sunway, 47500 Petaling Jaya, Selangor, Malaysia",3.07208,101.60635,1
"28, 46, Jalan Merlimau, Pudu, 55200 Kuala Lumpur, Wilayah Persekutuan Kuala Lumpur, Malaysia",3.13669,101.70726,1
"21d, 5, Jalan Gombak, Taman Tai Onn, 53000 Kuala Lumpur, Wilayah Persekutuan Kuala Lumpur, Malaysia",3.19737,101.70533,1
"Bandar Baru Nilai, 71800 Nilai, Negeri Sembilan, Malaysia",2.82133,101.7784,1
"17, Jalan Bertingkat Skudai, Bandar Baru Uda, 81200 Johor Bahru, Johor, Malaysia",1.49602,103.70628,1
"GF2A, Persiaran Putra, Kuah, 07000 Langkawi, Kedah, Malaysia",6.31008,99.85662,1
"45, 3rd mile maong bazaar, Everbright Park, 93250 Kuching, Sarawak, Malaysia",1.51976,110.33463,1
"Kawasan Rehat, KM 38.4, Karak Expy, Genting Sempah, 28750 Bentong, Pahang, Malaysia",3.35101,101.7907,1
"Lot G82, Ground Floor, Berjaya Megamall, Jalan Tun Ismail, 25000 Kuantan, Pahang, Malaysia",3.81568,103.33006,1
"Lebuhraya Damansara - Puchong, Bandar Sunway, 47100 Petaling Jaya, Selangor, Malaysia",3.0608,101.61446,1
"5, Lebuh Bandar Utama, Bandar Utama, 47800 Petaling Jaya, Selangor, Malaysia",3.13737,101.60956,1
"2, Jalan Kiara, Mont Kiara, 50480 Kuala Lumpur, Wilayah Persekutuan Kuala Lumpur, Malaysia",3.16541,101.65168,1
"Lebuh Ayer Keroh, 75450 Ayer Keroh, Melaka, Malaysia",2.27718,102.298,1
"1, Jalan SG 1/6, Taman Sri Gombak, 68100 Batu Caves, Selangor, Malaysia",3.23767,101.6992,1
"7, 2, Jalan Kota Tinggi, Johor Jaya, 81100 Johor Bahru, Johor, Malaysia",1.55209,103.80133,1
"6, Jalan 8/27a, Wangsa Maju, 53300 Kuala Lumpur, Wilayah Persekutuan Kuala Lumpur, Malaysia",3.19639,101.74263,1
"Lebuhraya Kuala Lumpur - Seremban, 57000 Kuala Lumpur, Wilayah Persekutuan Kuala Lumpur, Malaysia",3.0642,101.70344,1
"Lebuh Mcnair, George Town, 10100 George Town, Pulau Pinang, Malaysia",5.41357,100.33226,1
"Blok L, Level 2 & 3, Dataran Mentari, 30, Jalan PJS 8/2, Mentari Bussines Park, 46150 Petaling Jaya, Selangor, Malaysia",3.07491,101.61211,1
"Jalan Telok Cempedak, 25050 Kuantan, Pahang, Malaysia",3.81218,103.36307,1
"2, Jalan Sri Sarawak 18, Taman Sri Andalas, 41200 Klang, Selangor, Malaysia",3.01613,101.44392,1
"40000 Shah Alam, Selangor, Malaysia",3.07978,101.50776,1
"1, Jalan SS 15/3a, Ss 15, 47500 Subang Jaya, Selangor, Malaysia",3.07926,101.58642,1
"No. 148-149, Pusat Bandar Puchong Jalan Bandar 3, 148, Off, Jln Puchong, Pusat Bandar Puchong, 47100 Puchong, Selangor, Malaysia",3.03485,101.61588,1
"Jalan Taman Komersial Senawang, Taman Komersil Senawang, 70450 Seremban, Negeri Sembilan, Malaysia",2.70319,101.98557,1
"4, Jalan Pendidikan, Taman Universiti, 81300 Johor Bahru, Johor, Malaysia",1.54312,103.62904,1
"Persiaran Perdana, Bandar Sri Damansara, 52200 Kuala Lumpur, Wilayah Persekutuan Kuala Lumpur, Malaysia",3.19208,101.61665,1
"Lot 13309, 11, Jalan Bertingkat Skudai, Kawasan Perusahaan Tampoi, 81200 Johor Bahru, Johor, Malaysia",1.50019,103.69737,1
"Jalan Mewah Utara, Taman Pandan Mewah, 68000 Ampang, Selangor, Malaysia",3.12713,101.76408,1
"Jalan Puchong Permai 2, Taman Puchong Permai, 47100 Puchong, Selangor, Malaysia",3.00917,101.59958,1
"Jalan Nirwana 37, Taman Nirwana, 68000 Kuala Lumpur, Wilayah Persekutuan Kuala Lumpur, Malaysia",3.14803,101.75217,1
"MK 11, 4, Lebuhraya Utara - Selatan, 06000 Jitra, Kedah, Malaysia",6.36556,100.423,1
"93, Jalan Imbi, Imbi, 55100 Kuala Lumpur, Wilayah Persekutuan Kuala Lumpur, Malaysia",3.14366,101.71268,1
"24300 Kerteh, Terengganu, Malaysia",4.53869,103.42806,1
"Jalan Cecawi 6/18a, Kota Damansara, 47810 Petaling Jaya, Selangor, Malaysia",3.16068,101.57406,1
"40706, Jln Anggerik Vanilla 31/94, Kota Kemuning, 40460 Shah Alam, Selangor, Malaysia",3.00438,101.54074,1
"Lorong Karamunsing, Karamunsing, 88100 Kota Kinabalu, Sabah, Malaysia",5.9707,116.07499,1
"5730, Jalan Jelawat, Bandar Seberang Jaya, 13700 Perai, Pulau Pinang, Malaysia",5.39972,100.40064,1
"12-1, Dinasti Sentral, Maju 19, Off, 58200, Jalan Kuchai Lama, Kuchai Entrepreneurs Park, 58200 Kuala Lumpur, Wilayah Persekutuan Kuala Lumpur, Malaysia",3.09084,101.69058,1
"Jalan Cendekiawan 1, 43009 Kajang, Selangor, Malaysia",2.96648,101.72841,1
"1, Persiaran Batu Nilam, Bandar Bukit Tinggi 1, 41200 Klang, Selangor, Malaysia",3.00694,101.43364,1
"Lot 36327, Jalan PJU 10/1, Damansara Damai, 47000 Sungai Buloh, Selangor, Malaysia",3.19494,101.59138,1
"105615, Jalan Pesona, Taman Pelangi Indah, 81800 Ulu Tiram, Johor, Malaysia",1.58257,103.80102,1
"38, 22, Jalan 7a/2, Bandar Tasik Puteri, 48000 Rawang, Selangor, Malaysia",3.28334,101.47299,1
"Lebuhraya Kuala Lumpur - Seremban, Taman Teknologi Malaysia, Kuala Lumpur, Wilayah Persekutuan Kuala Lumpur, Malaysia",3.05415,101.70498,1
"1-1-01 & 1-1-02, Lot A3, 4, Jalan Udini, 11700 Jelutong, Penang, Malaysia",5.37742,100.31545,1
"The Curve, 6, Jalan PJU 7/3, Mutiara Damansara, 47810 Petaling Jaya, Selangor, Malaysia",3.15795,101.61301,1
"2, Jalan Equine, Taman Equine, 43300 Seri Kembangan, Selangor, Malaysia",2.99572,101.67023,1
"517, 7, Jln Lingkaran Tengah 2, 54200 Kuala Lumpur, Selangor, Malaysia",3.20495,101.75775,1
"No. PT 1021 & PT, 1022, Jalan Aman, Desa Aman Puri, 47000 Kuala Lumpur, Selangor, Malaysia",3.2082,101.61472,1
"Taman Nusa Bestari Jaya, Skudai, Johor, Malaysia",1.50134,103.65394,1
"Jalan Alamanda, Presint 1, 62000 Putrajaya, Wilayah Persekutuan Putrajaya, Malaysia",2.93953,101.71062,1
"1150, Jalan Kasturi 36/41, Asiatic Indahpura Car City, 81000 Kulai, Johor, Malaysia",1.6377,103.62669,1
"S02, 2nd Floor, AEON Seremban 2 Shopping Centre, 112, Persiaran S2 B1, Seremban 2, 70300 Seremban, Negeri Sembilan, Malaysia",2.70138,101.91195,1
"Jalan Pontian, Taman Sri Pulai Perdana, 81300 Johor Bahru, Johor, Malaysia",1.56411,103.61429,1
"Lebuhraya Baru Lembah Klang & Lebuhraya Utara - Selatan, 47810 Petaling Jaya, Selangor, Malaysia",3.17797,101.60037,1
"Lot 318, Jalan Kolam Air Lama, Ampang Jaya, Taman Dato Ahmad Razali, 68000 Ampang Jaya, Selangor, Malaysia",3.16018,101.75441,1
"Jln Merdeka, Bandar Hilir, 75000 Melaka, Malaysia",2.18975,102.25262,1
"135893, Jalan Roda Utama, 81200 Johor Bahru, Johor, Malaysia",1.52352,103.67848,1
"100, Persiaran Bayan Indah, Queens Bay, 14300 Bayan Lepas, Pulau Pinang, Malaysia",5.33305,100.30653,1
"Jalan Suasana 2/2, Tun Hussein Onn, 43200 Cheras, Selangor, Malaysia",3.05235,101.76542,1
"F27, Lebuh Tun Hussein Onn, Tun Hussein Onn, 43200 Cheras, Selangor, Malaysia",3.03313,101.76493,1
"Lot 114, Jalan Lumut, Setiawangsa, 32010 Seri Manjung, Perak, Malaysia",4.19947,100.65534,1
"Jalan Gopeng, 31350 Ipoh, Perak, Malaysia",4.51668,101.13659,1
"2, Jalan 22/6, Seksyen 22, 40400 Shah Alam, Selangor, Malaysia",3.04037,101.5475,1
"Taman Melati, 53100 Kuala Lumpur, Wilayah Persekutuan Kuala Lumpur, Malaysia",3.22181,101.72566,1
"2, Jalan Cemerlang 4, Banting Business Centre, 42700 Banting, Selangor, Malaysia",2.81342,101.50884,1
"S48 Second Floor AEON Bukit Tinggi Shopping Centre No1, KS 6, Persiaran Batu Nilam 1, Bandar Bukit Tinggi 2, 41200 Klang, Selangor, Malaysia",2.99357,101.44437,1
"868, Jalan Perindustrian Bukit Minyak, 14100 Bukit Mertajam, Pulau Pinang, Malaysia",5.3169,100.454,1
"Plaza Melaka Sentral, Melaka, Malaysia",2.22103,102.24907,1
"Kota Kinabalu, Sabah, Malaysia",5.98041,116.07346,1
"4, Jalan BRP 3/3, Bukit Rahman Putra, 40160 Shah Alam, Selangor, Malaysia",3.22492,101.55594,1
"5, Jln Cheras, Cheras, 56000 Cheras, Wilayah Persekutuan Kuala Lumpur, Malaysia",3.10673,101.73024,1
"Terminal 1, 88200 Kota Kinabalu, Sabah, Malaysia",5.92437,116.05036,1
"Labuan Airport, Lapangan Terbang Labuan, Jalan Tun Mustapha, 87015 Labuan, Wilayah Persekutuan Labuan, Malaysia",5.29444,115.24925,1
"Jalan Seri Alam, Bandar Baru Seri Alam, 81750 Masai, Johor, Malaysia",1.50279,103.87423,1
"PTD 68518, Persiaran Bangi, Seksyen 9, 43650 Bandar Baru Bangi, Selangor, Malaysia",2.96182,101.75804,1
"Jalan Tan Swee Hoe, Taman Flora Utama, 83000 Batu Pahat, Johor, Malaysia",1.86363,102.94906,1
"Lot 5017, McDonald's, Jalan Changkat Jong, 36000 Teluk Intan, Perak, Malaysia",4.01737,101.02751,1
"G-22, Ground Floor, 36, Jalan Istana Larut, 34000 Taiping, Perak, Malaysia",4.86588,100.7312,1
"Klang Sentral Terminal A, Persiaran Klang Sentral 1/Ku5, Klang Sentral, 42200 Klang, Selangor, Malaysia",3.1091,101.43821,1
"Arrivals, KLIA Terminal, Kuala Lumpur International Airport, 43900 Sepang, Selangor, Malaysia",2.75457,101.70377,1
"Prima Saujana, 43000 Kajang, Selangor, Malaysia",3.00758,101.80839,1
"Leboh Ayer Keroh, Melaka International Trade Centre, 75450 Ayer Keroh, Melaka, Malaysia",2.27248,102.28527,1
"PT101 &102, 1, Jalan Hamzah, Seksyen 16, 15050 Kota Bharu, Kelantan, Malaysia",6.11705,102.24016,1
"Lebuhraya Damansara - Puchong, Malaysia",3.08727,101.6131,1
"Bandar Perda, 14000 Bukit Mertajam, Pulau Pinang, Malaysia",5.36654,100.43415,1
"Jalan Bandar, Kawasan Perindustrian Pasir Gudang, 81700 Pasir Gudang, Johor, Malaysia",1.47354,103.90798,1
"1, 1, Jalan Niaga 11, Kampung Makam, 81900 Kota Tinggi, Johor, Malaysia",1.72889,103.9024,1
"Sunway City Ipoh, Tambun, Perak, Malaysia",4.61978,101.14674,1
"PT 1134, Persiaran Pusat Bandar, Putra Point, 71800 Nilai, Negeri Sembilan, Malaysia",2.8226,101.79381,1
"Jln Lingkaran Tengah 2, 52100, Selangor, Malaysia",3.21515,101.63148,1
"57, Jalan Indah 15/2, Taman Bukit Indah, 81200 Johor Bahru, Johor, Malaysia",1.48159,103.65775,1
"686, Jalan Pasir Puteh, 31650 Ipoh, Perak, Malaysia",4.54254,101.07042,1
"Puncak Alam, 45010, Selangor, Malaysia",3.21855,101.42824,1
"Jalan Batu Sinar, Taman Bandar Baru, Kampar, Perak, Malaysia",4.32589,101.14395,1
"City Centre, 1, Lebuh Bandar Utama, Bandar Utama, 47800 Petaling Jaya, Selangor, Malaysia",3.14897,101.61612,1
"Sibu, Sarawak, Malaysia",2.28728,111.83054,1
"Lot 5993, Block 11, K.B.L.D. Desa Indah, 3, Jln Tudan, Bandar Baru Permyjaya, 98000 Miri, Sarawak, Malaysia",4.47173,114.04296,1
"Jalan Baru Pak Sabah, 23000 Kuala Dungun, Terengganu, Malaysia",4.75555,103.41337,1
"28, Jalan Klc 1, Kampung Keladi, 09000 Kulim, Kedah, Malaysia",5.38495,100.54608,1
"22a, Jalan Kesum, Taman Istimewa, 81100 Johor Bahru, Johor, Malaysia",1.52902,103.76857,1
"Lot G & H Caltex Bandar Puteri, Lot 133826, Lebuh Sanggul Satu, Ks7 Bandar Puteri, 41200 Klang, Selangor, Malaysia",2.98856,101.46605,1
"697, Jalan Batu Ferringhi, 11100 Ayer Itam, Pulau Pinang, Malaysia",5.47963,100.26127,1
"Jalan Teluk Piah Kanan, Kampung Telok Piai, 45000 Kuala Selangor, Selangor, Malaysia",3.31515,101.28274,1
"Lot 69683, Jalan PJU 7/5, Mutiara Damansara, 47800 Petaling Jaya, Selangor, Malaysia",3.15817,101.6137,1
"KJ 590 Taman PKNS Beranang, Jalan Semenyih, 43700 Beranang, Selangor, Malaysia",2.89148,101.87084,1
"83300, Johor, Malaysia",1.83228,103.02417,1
"1, Jalan Seri Tg Pinang, Seri Tanjung Pinang, 10470 Tanjung Tokong, Pulau Pinang, Malaysia",5.45894,100.30875,1
"1, Jln Haruan 2, 70300 Seremban, Negeri Sembilan, Malaysia",2.71156,101.91533,1
"Jalan Austin Heights 3, Taman Mount Austin, 81100 Johor Bahru, Johor, Malaysia",1.56088,103.78027,1
"Jalan Setia Tropika 1/21, Setia Tropika, 81200 Johor Bahru, Johor, Malaysia",1.54824,103.71361,1
"75, Jalan Inang 3, Taman Paya Rumput Jaya, 76450 Melaka, Malaysia",2.28078,102.21564,1
"Lot S2, Melaka Mall Complex, Jalan Tun Razak, Lebuh Ayer Keroh, 75450 Ayer Keroh, Malacca, Malaysia",2.23194,102.28173,1
"Pintasan Dengkil By Pass, Selangor, Malaysia",2.87567,101.67437,1
"1, Jalan PJU 1a/48, Ara Damansara, 47301 Petaling Jaya, Selangor, Malaysia",3.11219,101.57907,1
"Block 7, 1050, Jalan Bulan Sabit, 98000 Miri, Sarawak, Malaysia",4.4121,114.00283,1
"97, Jln Besar, 34800 Terong, Perak, Malaysia",4.714,100.71942,1
"Jln. Kuala Kangsar, 31400, Perak, Malaysia",4.64724,101.10153,1
"Lot 97, Blok D4, Tingkat Bawah Bandar Utama, Batu, 6, Jalan Utara, 90000 Sandakan, Sabah, Malaysia",5.86559,118.05597,1
"27, Jalan PD, 71010 Port Dickson, Negeri Sembilan, Malaysia",2.56026,101.81169,1
"Mile 4, 91000, Jalan Apas, 91000 Tawau, Sabah, Malaysia",4.25189,117.89702,1
"Kompleks Menara MARA, 232, Jalan Tuanku Abdul Rahman, Chow Kit, 50100 Kuala Lumpur, Wilayah Persekutuan Kuala Lumpur, Malaysia",3.15805,101.69586,1
"88000, Jalan Sulaman, 89200 Kota Kinabalu, Sabah, Malaysia",6.10075,116.17392,1
"Persiaran Setia Dagang, Setia Alam, 40170 Shah Alam, Selangor, Malaysia",3.10947,101.46022,1
"Jalan Delima, Pontian Kecil, 82000 Pontian, Johor, Malaysia",1.47839,103.39006,1
"Persiaran Klebang Putra, 31200 Ipoh, Perak, Malaysia",4.68597,101.12087,1
"Lot PT 3358, 31, Persiaran Raja Muda Musa, 41200 Klang, Selangor, Malaysia",3.03439,101.4401,1
"Pantai Cenang, 07000, Kedah, Malaysia",6.29559,99.72281,1
"Bandar Indera Mahkota, 25200 Kuantan, Pahang, Malaysia",3.82076,103.29697,1
"Seri Iskandar, Perak, Malaysia",4.35904,100.98494,1
"Bukit Katil, Malacca, Malaysia",2.22801,102.29772,1
"Lot 3410 (PT, 1238, Jalan Sultan, Kampung Baru Aulong, 34000 Taiping, Perak, Malaysia",4.85068,100.70685,1
"Ground Floor,Lot-45,HS-4,Phase 2 Sandakan Harbour Square, 90000, Pusat Bandar Sandakan, 90000 Sandakan, Sabah, Malaysia",5.83894,118.1194,1
"Jalan Kolam Air, 80100 Johor Bahru, Johor, Malaysia",1.47345,103.73738,1
"Taman Bendahara, Pengkalan Chepa, Kelantan, Malaysia",6.16424,102.28159,1
"Taman Tasik Sultan Abu Bakar, 26600 Pekan, Pahang, Malaysia",3.54189,103.38743,1
"48000, Selangor, Malaysia",3.36052,101.53617,1
"17493, Jalan Rozhan, 14100 Bukit Mertajam, Pulau Pinang, Malaysia",5.32209,100.47677,1
"13200, Penang, Malaysia",5.54238,100.4509,1
"Kampung Paya Pagar, 28200 Kerayong, Pahang, Malaysia",3.28696,102.45837,1
"1304, 5, Lorong Sekolah, Kampung Paya Luas, 28000 Temerloh, Pahang, Malaysia",3.45127,102.45723,1
"22a, Jalan Tun Mohd Fuad 2, Taman Tun Dr Ismail, 60000 Kuala Lumpur, Wilayah Persekutuan Kuala Lumpur, Malaysia",3.1403,101.62854,1
"Jalan Tun Hussein Onn, 97000 Bintulu, Sarawak, Malaysia",3.19339,113.0717,1
"88, Pearl Street, 93000 Kuching, Sarawak, Malaysia",1.55857,110.34402,1
"Jalan Kluang, Ayer Hitam, Johor, Malaysia",1.88541,103.1512,1
"Mutiara Rini, Skudai, Johor, Malaysia",1.52453,103.64027,1
"Jalan Meru Bestari A2, 31200 Ipoh, Perak, Malaysia",4.67209,101.0758,1
"70450 Seremban, Negeri Sembilan, Malaysia",2.69945,101.97989,1
"Fasa 3C, 5, Persiaran Kayangan, Seksyen 8, 40000 Shah Alam, Selangor, Malaysia",3.06564,101.49097,1
"Jalan Satok, Kampung Bandarshah, 93400 Kuching, Sarawak, Malaysia",1.55366,110.33407,1
"8-A, Jalan Alor Mengkudu, 05400 Alor Setar, Kedah, Malaysia",6.0962,100.37613,1
"Taman Samudra, 68100 Batu Caves, Selangor, Malaysia",3.22892,101.69313,1
"Seri Manjung, Perak, Malaysia",4.19587,100.66479,1
"Jalan Gong Badak, 21300 Kuala Terengganu, Terengganu, Malaysia",5.37592,103.08414,1
"1, 2, Jalan Kebun, Amj Industrial Park, 41000 Klang, Selangor, Malaysia",3.01234,101.48816,1
"Jln Nipah 2, Kampung Kangkar Tebrau, 81100 Johor Bahru, Johor, Malaysia",1.53124,103.75655,1
"20 1, 2, Jln 18/33A, Taman Sri Serdang, 43300 Seri Kembangan, Selangor, Malaysia",3.00846,101.7144,1
"274C+P3, 16450 Melor, Kelantan, Malaysia",6.00677,102.27023,1
"Jalan Canna, 93350 Kuching, Sarawak, Malaysia",1.51628,110.38509,1
"g 6, 1, Jln Puteri 7/13A, Bandar Puteri, 47100 Puchong, Selangor, Malaysia",3.02109,101.62453,1
"Taman Bukit Kepayang, 70200 Seremban, Negeri Sembilan, Malaysia",2.71537,101.90668,1
"Tingkat 1, Bangunan Koperasi Serbaguna Daerah Jerantut Bhd., Jalan Besar, Pahang, Kampung Sungai Jan, 27000 Jerantut, Pahang, Malaysia",3.93649,102.36003,1
"BQ 106 - 107, MJC Commercial Centre,, Jalan Batu Kawa, Kuching 93250, MJC New Township, 93250 Kuching, Sarawak, Malaysia",1.51563,110.30955,1
"Pekan Klebang, Melaka, Malaysia",2.21034,102.21653,1
"Jln Lingkaran Tengah 2, 53100, Selangor, Malaysia",3.21723,101.73714,1
"73, Jalan Dato Keramat, 10150 George Town, Pulau Pinang, Malaysia",5.41277,100.32607,1
"Level 2, Jalan USJ 21/10, Persiaran Kewajipan, Usj 21, 47630 Subang Jaya, Selangor, Malaysia",3.02632,101.58115,1
"Jalan Stesen Sentral 5, Brickfields, 50470 Kuala Lumpur, Wilayah Persekutuan Kuala Lumpur, Malaysia",3.13143,101.6833,1
"No 2, 4, Lbh Sungai Pinang 1, George Town, 10300 George Town, Pulau Pinang, Malaysia",5.39776,100.32814,1
"Kuala Lumpur Int'l Airport (KUL), Persiaran Korporat KLIA, 64000 Sepang, Selangor, Malaysia",2.74135,101.70153,1
"Jalan Matang, Petra Jaya, 93050 Kuching, Sarawak, Malaysia",1.5734,110.27714,1
"Jalan Kampung Bakau - Padang Behor, 01000 Kangar, Perlis, Malaysia",6.4353,100.20315,1
"Bandar Seremban, Seremban, Negeri Sembilan, Malaysia",2.72639,101.93695,1
"63, 63-1, Jalan Radin Tengah, Bandar Baru Sri Petaling, 57000 Kuala Lumpur, Wilayah Persekutuan Kuala Lumpur, Malaysia",3.06886,101.69184,1
"Management Office, Unit T2-3A-3 & Unit T2-3A-3A level 3A IOI City Tower Two Lebuh IRC, Ioi Resort, 62502 Putrajaya, Selangor, Malaysia",2.97066,101.71368,1
"3070, Jalan Bakri, 84000 Muar, Johor, Malaysia",2.04765,102.59568,1
"43000, Selangor, Malaysia",2.92211,101.73292,1
"Jalan Seri Putra 1/9, Bandar Seri Putra, 43000 Kajang, Selangor, Malaysia",2.88785,101.79206,1
"121596, Jalan Gambang, 25150 Kuantan, Pahang, Malaysia",3.78234,103.28482,1
"Kampung Parit Empat, 45400 Sungai Besar, Selangor, Malaysia",3.66368,101.01589,1
"Taman Kota Masai, 81700 Pasir Gudang, Johor, Malaysia",1.48477,103.95266,1
"u16, 3, Persiaran Elektron, Denai Alam, 40160 Shah Alam, Selangor, Malaysia",3.1594,101.51306,1
"Lingkaran Syed Putra, Mid Valley City, 59200 Kuala Lumpur, Wilayah Persekutuan Kuala Lumpur, Malaysia",3.11741,101.67805,1
"Aman Central, 1, Darul Aman Hwy, Kampung Lubok Peringgi, 05100 Alor Setar, Kedah, Malaysia",6.12497,100.36646,1
"23, Jalan Tengah, 11950 Bayan Lepas, Pulau Pinang, Malaysia",5.31977,100.28444,1
"Taman Ungku Tun Aminah, 81300 Skudai, Johor, Malaysia",1.5199,103.65864,1
"15050, Jalan Kuala Krai, 16010 Kota Bharu, Kelantan, Malaysia",6.07301,102.23877,1
"Kuala Lumpur Sentral Station, Kuala Lumpur Sentral, 50470 Kuala Lumpur, Wilayah Persekutuan Kuala Lumpur, Malaysia",3.1344,101.68642,1
"Lot F-74, Tingkat 2, Mentakab Star Mall, No.1, Jalan Star City 1, Star City, 28400 Mentakab, Pahang, Malaysia",3.47126,102.33176,1
"11, Jalan Baru, 13600 Perai, Pulau Pinang, Malaysia",5.3743,100.40709,1
"2, Jalan Medan Ipoh 1A, Taman Ipoh Timur, 31400 Ipoh, Perak, Malaysia",4.61747,101.11695,1
"Jalan Sulaman, 88450 Kota Kinabalu, Sabah, Malaysia",6.04289,116.1477,1
"Lorong Centre Point, Api-api Centre, 88000 Kota Kinabalu, Sabah, Malaysia",5.97809,116.07115,1
"1, Jalan Centre Point, 88000 Kota Kinabalu, Sabah, Malaysia",5.97815,116.07186,1
"82, 84, Jalan SS 15/4d, Ss 15, 47500 Subang Jaya, Selangor, Malaysia",3.07364,101.59056,1
"37, Jalan Pinang 18/B, Seksyen 18, 40200 Shah Alam, Selangor, Malaysia",3.04421,101.51789,1
"Persiaran Kayangan, Seksyen 13, 40100 Shah Alam, Selangor, Malaysia",3.08212,101.54496,1
"Jln Lingkaran Tengah 2, 53300 Kuala Lumpur, Wilayah Persekutuan Kuala Lumpur, Malaysia",3.21127,101.7442,1
"No.2, Jalan 14/4, Seksyen 14, 46100 Petaling Jaya, Selangor, Malaysia",3.1096,101.637,1
"Jalan 1/19, Seksyen 1, 46000 Petaling Jaya, Selangor, Malaysia",3.08507,101.64675,1
"Persiaran Tasik, Seksyen 14, 40000 Shah Alam, Selangor, Malaysia",3.07066,101.51725,1
"Jalan Sultan Mohamad, 21100 Kuala Terengganu, Terengganu, Malaysia",5.30862,103.12688,1
"K-191, Jalan Kubang Kurus, Kampung Gong Pauh, 24000 Chukai, Terengganu, Malaysia",4.22942,103.41997,1
"62100 Putrajaya, Malaysia",2.91658,101.68506,1
"Jalan Kapar, 42100 Klang, Selangor, Malaysia",3.06702,101.4228,1
"Prima, 5-A, Jalan Teknokrat 5, Cyberjaya, 63000 Cyberjaya, Selangor, Malaysia",2.92124,101.65603,1
"Jalan Semariang, Petra Jaya, 93050 Kuching, Sarawak, Malaysia",1.58696,110.33137,1
"5, Jalan Tanah Putih, 25100 Kuantan, Pahang, Malaysia",3.7963,103.31749,1
"1, Jalan Tun Fuad Stephens, Pusat Bandar Kota Kinabalu, 88000 Kota Kinabalu, Sabah, Malaysia",5.98692,116.07729,1
"106, Jalan Wong Ah Fook, Bandar Johor Bahru, 80000 Johor Bahru, Johor, Malaysia",1.4618,103.76396,1
"48;;139, Jln Ampang, Kuala Lumpur City Centre, 50450 Kuala Lumpur, Wilayah Persekutuan Kuala Lumpur, Malaysia",3.15815,101.71209,1
"Jalan Kosas 2, Taman Kosas, 68000 Ampang, Selangor, Malaysia",3.14855,101.76945,1
"Persiaran Putra Indah, Putra Heights, 47650 Subang Jaya, Selangor, Malaysia",2.99687,101.56352,1
"Jalan Pandan, 81100 Johor Bahru, Johor, Malaysia",1.53382,103.78376,1
"Lot 3FK-12J, third floor, Paradigm Mall, Jalan Bertingkat Skudai, 81200 Johor Bahru, Johor, Malaysia",1.51684,103.68533,1
"b1 03 b1, 6, Jalan Cochrane, Maluri, 55100 Kuala Lumpur, Wilayah Persekutuan Kuala Lumpur, Malaysia",3.13486,101.72284,1
"Persiaran Setia Alam, Setia Alam, 40170 Shah Alam, Selangor, Malaysia",3.10676,101.45926,1
"Lingkaran SV, Maluri, 55100 Kuala Lumpur, Wilayah Persekutuan Kuala Lumpur, Malaysia",3.12787,101.72485,1
"Jalan Mega Kecil, Taman United, 58200 Kuala Lumpur, Wilayah Persekutuan Kuala Lumpur, Malaysia",3.0819,101.67139,1
"Jalan Miri Pujut, 98000 Miri, Sarawak, Malaysia",4.40532,114.0032,1
"11900 Bayan Lepas, Penang, Malaysia",5.31307,100.27684,1
"33, Jalan Dato Siamang Gagap, Betaria Business Centre, 70100 Seremban, Negeri Sembilan, Malaysia",2.72289,101.95519,1
"2469, Jalan Utama, Taman Serdang Raya, 43300 Seri Kembangan, Selangor, Malaysia",3.03399,101.70506,1
"Intermark Mall, The Intermark, 348, Jln Tun Razak, Kampung Datuk Keramat, 50400 Kuala Lumpur, Federal Territory of Kuala Lumpur, Malaysia",3.16166,101.72036,1
"Penang, Malaysia",5.41639,100.33268,1
"30, Jalan Teknologi, Kota Damansara, 47810 Petaling Jaya, Selangor, Malaysia",3.14973,101.57991,1
"Jalan Langkawi, Taman Danau Kota, Kuala Lumpur, Wilayah Persekutuan Kuala Lumpur, Malaysia",3.20495,101.71481,1
"Jalan Klang Banting, Kawasan 1, 41200 Klang, Selangor, Malaysia",3.04492,101.44556,1
"5, Persiaran Residen, Desa Parkcity, 52200 Kuala Lumpur, Wilayah Persekutuan Kuala Lumpur, Malaysia",3.18761,101.62713,1
"Jalan Pantai, Kampung Sungai Menyala, 71050 Si Rusa, Negeri Sembilan, Malaysia",2.43416,101.86307,1
"1, Jalan Memanah 13/55a, Laman Seri, 40100 Shah Alam, Selangor, Malaysia",3.08961,101.54307,1
"Pekan Batu 9 Cheras, 43200 Cheras, Selangor, Malaysia",3.07137,101.76876,1
"9, Jalan Bundusan, Taman Cemerlang, 89500 Kota Kinabalu, Sabah, Malaysia",5.93343,116.09947,1
"Jalan Saujana Putra, Bandar Saujana Putra, 42610, Selangor, Malaysia",2.9457,101.58632,1
"341 6154, 6, Jalan Bukit Tengah, 14000 Bukit Mertajam, Pulau Pinang, Malaysia",5.34833,100.43474,1
"Jalan Alamanda, Presint 1, 62000 Putrajaya, Wilayah Persekutuan Putrajaya, Malaysia",2.93889,101.71337,1
"Kampung Pasir Pekan, 16210 Wakaf Bharu, Kelantan, Malaysia",6.11931,102.22145,1
"Jalan SS 6/12, Ss 6, 47301 Petaling Jaya, Selangor, Malaysia",3.10482,101.59876,1
"Lebuhraya Persekutuan, Subang Jaya, Selangor, Malaysia",3.0833,101.5829,1
"Jalan Melang, 72000 Kuala Pilah, Negeri Sembilan, Malaysia",2.73604,102.22612,1
"301, Jalan Anggerik 9/8, Amanjaya, 08000 Sungai Petani, Kedah, Malaysia",5.64083,100.54124,1
"Jln Klang Lama, 58100 Kuala Lumpur, Wilayah Persekutuan Kuala Lumpur, Malaysia",3.10887,101.6781,1
"Jalan Ibrahim Sultan & Jalan Stulang Laut, Duty Free Zone, 80300 Johor Bahru, Johor, Malaysia",1.46978,103.78212,1
"Jln Kampung Lalang, 79100 Gelang Patah, Johor, Malaysia",1.43761,103.6201,1
"Level 12, West Wing, Rohas PureCircle, Rohas Perkasa, Jalan P. Ramlee, Kuala Lumpur, 50250 Kuala Lumpur, Federal Territory of Kuala Lumpur, Malaysia",3.15465,101.70853,1
"75260 Malacca, Malaysia",2.26016,102.19758,1
"D/A Pejabat Kesihatan Kawasan Semporna, Peti Surat 395 Semporna, 91308 Semporna, Sabah, Malaysia",4.45739,118.59608,1
"89008, Jalan Keningau - Tambunan, 89650 Keningau, Sabah, Malaysia",5.41865,116.2246,1
"Lot 4985, Jalan Tun Hamzah, Mukim, 75450 Bukit Katil, Melaka, Malaysia",2.23597,102.30099,1
"Jalan Tun Fuad Stephens, 88400 Kota Kinabalu, Sabah, Malaysia",6.00934,116.11089,1
"Lot PT 1, Batu 6 1/2, Jln Kepong, Kawasan Perusahaan Kepong, 52000 Kuala Lumpur, Federal Territory of Kuala Lumpur, Malaysia",3.2081,101.65351,1
"Lot 4054, Phase 5A, 6, Jln Kinrara, Taman Kinrara Seksyen 1, 47180 Puchong, Selangor, Malaysia",3.06636,101.65012,1
"Lot 44706 (PT 12671 HS(d) 130125, Jalan Dagang, Taman Nirwana, 68000 Ampang, Selangor, Malaysia",3.14516,101.75547,1
"Taman Desa Tebrau, Johor Bahru, Johor, Malaysia",1.56474,103.79154,1
"Jalan Sentul, 51100 Kuala Lumpur, Wilayah Persekutuan Kuala Lumpur, Malaysia",3.18432,101.69189,1
"SA 717 SMK Subang Bistari (Selatan), Jalan Nova U5/63, Subang Bestari, 40150 Shah Alam, Selangor, Malaysia",3.17734,101.5436,1
"2079, Jalan Kiara 2, Pusat Perniagaan Kiara, 72100 Bahau, Negeri Sembilan, Malaysia",2.81051,102.39577,1
"613, Jln Seremban - Tampin, 73000 Tampin, Negeri Sembilan, Malaysia",2.47555,102.21939,1
"Lot 2492, Jalan Taiping, Daerah, 33000 Kuala Kangsar, Perak, Malaysia",4.77219,100.93287,1
"Eco Majestic, Malaysia, 1, Lingkaran Eco Majestic, 43500 Semenyih, Selangor, Malaysia",2.91329,101.83823,1
"Wisma Lim Foo Yong, Lot No. 62, Seksyen, 57, Jalan Raja Chulan, Kuala Lumpur, 50250 Kuala Lumpur, Federal Territory of Kuala Lumpur, Malaysia",3.15046,101.70927,1
"201, 17, Jalan Yong Shook Lin, Seksyen 7, 46050 Petaling Jaya, Selangor, Malaysia",3.09988,101.64271,1
"PT 6370, Jalan BMU 1, Bandar Baru Merlimau Utara, 77300 Merlimau, Melaka, Malaysia",2.16907,102.43187,1
"Jalan Sentul Pasar, 51100 Kuala Lumpur, Selangor, Malaysia",3.20462,101.68931,1
"Taman Subang Mewah, 47500 Subang Jaya, Selangor, Malaysia",3.0549,101.60516,1
"Taman Seri Austin, Johor Bahru, Johor, Malaysia",1.57869,103.7488,1
"17143, Jln Besar, 81000 Kulai, Johor, Malaysia",1.68058,103.52125,1
"Reko Sentral, 43000 Kajang, Selangor, Malaysia",2.96779,101.7892,1
"50844, Jalan Layang 16, Taman Perling, 81200 Johor Bahru, Johor, Malaysia",1.47381,103.66878,1
"81, Lebuhraya Sultanah Bahiyah, Kampung Lubok Peringgi, 05350 Alor Setar, Kedah, Malaysia",6.14323,100.36485,1
"Tanah Rata, Pahang, Malaysia",4.47061,101.37664,1
"Jalan Dato Harun, Kampung Datuk Harun, 48200 Serendah, Selangor, Malaysia",3.36686,101.61029,1
"Lot PT 2536, 2, Jln Lingkaran Tengah 2, 55100 Kuala Lumpur, Selangor, Malaysia",3.14331,101.74362,1
"Daerah Lundang, Kelantan, Bandar Kota Bharu, 16150 Kota Bharu, Kelantan, Malaysia",6.12487,102.23735,1
"Jalan Kajang Impian 1/2, Taman Kajang Impian, 43000 Bandar Baru Bangi, Selangor, Malaysia",2.97494,101.77183,1
"4, Lorong Bandar Baru Lukut, Taman Aman, 71010 Port Dickson, Negeri Sembilan, Malaysia",2.57021,101.82825,1
"Lebuhraya Utara-Selatan, Malaysia",2.15198,102.69313,1
"43800, Selangor, Malaysia",2.86691,101.69544,1
"Caltex Sg Dua North Bound PMT 10359, KM132, 5, Lebuhraya Utara - Selatan, 13600 Permatang Pauh, Pulau Pinang, Malaysia",5.423,100.41322,1
